city,dt,co,no,no2,o3,so2,pm2_5,pm10,nh3
Warszawa,2023-05-21 07:00:00,237.76426696777344,0.11440348625183105,5.209763526916504,10.203296661376953,11.343140602111816,2.9822440147399902,5.605934143066406,2.469266176223755
Warszawa,2023-05-21 08:00:00,262.0408630371094,0.2788870334625244,7.405752182006836,35.58835983276367,6.004551887512207,4.269504547119141,4.959957599639893,1.5948233604431152
Warszawa,2023-05-21 09:00:00,223.08258056640625,0.17439424991607666,4.357673168182373,43.0593147277832,4.7714385986328125,3.288447856903076,8.145777702331543,1.8108983039855957
Warszawa,2023-05-21 10:00:00,198.10379028320312,0.3085207939147949,3.6476149559020996,41.6606559753418,8.613723754882812,4.400704860687256,4.861575126647949,0.8860418796539307
Warszawa,2023-05-21 11:00:00,210.9468231201172,0.29084503650665283,4.741354465484619,45.538211822509766,2.259756565093994,8.746939659118652,8.644111633300781,1.5915031433105469
Warszawa,2023-05-21 12:00:00,204.42027282714844,0.16108393669128418,3.667069435119629,55.88417434692383,2.1131505966186523,9.266194343566895,9.747148513793945,1.3084397315979004
Warszawa,2023-05-21 13:00:00,227.67686462402344,0.38962626457214355,5.276123523712158,52.38730239868164,4.76223611831665,6.415670394897461,4.3178839683532715,1.7997634410858154
Warszawa,2023-05-21 14:00:00,220.2239227294922,0.3762894868850708,6.308272361755371,57.30504608154297,2.9133923053741455,6.990747928619385,11.507214546203613,1.9213991165161133
Warszawa,2023-05-21 15:00:00,177.00421142578125,0.27391695976257324,2.9924228191375732,63.40467834472656,3.1427078247070312,10.408939361572266,9.209310531616211,1.164313554763794
Warszawa,2023-05-21 16:00:00,223.45211791992188,0.1551748514175415,1.937748670578003,83.57839965820312,3.425563335418701,2.258972406387329,3.4434852600097656,1.7091479301452637
Warszawa,2023-05-21 17:00:00,259.5785217285156,0.39672863483428955,4.1059651374816895,65.71986389160156,4.942464351654053,2.9536514282226562,6.164395809173584,2.3798253536224365
Warszawa,2023-05-21 18:00:00,224.36692810058594,0.04631364345550537,3.810593605041504,76.5914077758789,10.430296897888184,2.1645805835723877,8.84860897064209,1.6793441772460938
Warszawa,2023-05-21 19:00:00,231.71922302246094,0.14857375621795654,2.9334585666656494,69.49913024902344,26.614229202270508,1.2496581077575684,4.006692886352539,1.9046416282653809
Warszawa,2023-05-21 20:00:00,195.55775451660156,0.27577781677246094,3.51554012298584,78.05594635009766,7.324174880981445,1.6927354335784912,11.975373268127441,1.4156382083892822
Warszawa,2023-05-21 21:00:00,220.0089874267578,0.13104426860809326,4.864443302154541,58.748077392578125,5.079485893249512,1.0696566104888916,5.006949424743652,1.723879337310791
Warszawa,2023-05-21 22:00:00,200.36131286621094,0.1077812910079956,3.459658622741699,77.1216049194336,14.99590015411377,2.213198661804199,7.207637786865234,1.4485816955566406
Warszawa,2023-05-21 23:00:00,213.6202392578125,0.1922297477722168,5.409376621246338,47.27532958984375,37.945255279541016,2.907829523086548,5.079504013061523,1.5543665885925293
Warszawa,2023-05-22 00:00:00,261.56939697265625,0.05044567584991455,6.561478137969971,36.81471252441406,22.205461502075195,1.2999062538146973,7.050889015197754,1.4633793830871582
Warszawa,2023-05-22 01:00:00,216.5831298828125,0.0060242414474487305,2.879713773727417,63.0169677734375,14.21401596069336,1.8537688255310059,3.5782976150512695,1.4095463752746582
Warszawa,2023-05-22 02:00:00,203.44447326660156,-0.0028409957885742188,6.105106830596924,55.59882354736328,6.60364294052124,1.703969955444336,4.487151622772217,1.0378749370574951
Warszawa,2023-05-22 03:00:00,223.05307006835938,0.10655045509338379,5.121732234954834,52.20083999633789,10.60927963256836,2.6594858169555664,7.381263732910156,1.0922026634216309
Warszawa,2023-05-22 04:00:00,252.9420166015625,0.1209496259689331,4.7421722412109375,60.53816223144531,5.955997943878174,2.628369092941284,5.540725231170654,2.2648348808288574
Warszawa,2023-05-22 05:00:00,245.25927734375,0.26213717460632324,5.024497032165527,71.54843139648438,5.30682897567749,2.8844122886657715,5.494558334350586,2.8738765716552734
Warszawa,2023-05-22 06:00:00,204.3898162841797,0.21054506301879883,4.713096618652344,40.21213912963867,8.500612258911133,7.148044586181641,7.075972557067871,1.2407073974609375
Warszawa,2023-05-22 07:00:00,234.07839965820312,0.43836545944213867,4.308077335357666,61.994380950927734,9.901793479919434,10.051281929016113,5.54062032699585,1.9842264652252197
Warszawa,2023-05-22 08:00:00,253.7316436767578,0.3056173324584961,5.855431079864502,53.98685836791992,6.5451788902282715,6.954893589019775,3.664363384246826,1.2127797603607178
Warszawa,2023-05-22 09:00:00,210.23155212402344,0.5367765426635742,6.579840183258057,37.5977897644043,7.1530961990356445,7.098592758178711,5.616211891174316,2.660787582397461
Warszawa,2023-05-22 10:00:00,223.0088348388672,0.410439133644104,5.083773612976074,11.88405990600586,3.3932862281799316,22.025434494018555,10.565390586853027,1.9952025413513184
Warszawa,2023-05-22 11:00:00,198.86346435546875,0.3054618835449219,4.0146613121032715,36.58924865722656,2.3560211658477783,12.359583854675293,9.450910568237305,1.4627974033355713
Warszawa,2023-05-22 12:00:00,213.33885192871094,0.20397889614105225,3.8244800567626953,31.18917465209961,4.700425624847412,16.243080139160156,4.465233325958252,2.8563342094421387
Warszawa,2023-05-22 13:00:00,211.70033264160156,0.29485881328582764,2.5317564010620117,65.99880981445312,7.566403388977051,14.393745422363281,5.201914310455322,1.8445820808410645
Warszawa,2023-05-22 14:00:00,196.35194396972656,0.7126244306564331,2.616712808609009,58.16520309448242,4.129831790924072,23.27678871154785,8.290552139282227,1.8553462028503418
Warszawa,2023-05-22 15:00:00,208.33926391601562,0.7186713218688965,3.4082088470458984,49.42906951904297,21.113874435424805,11.616259574890137,4.070397853851318,0.6981683969497681
Warszawa,2023-05-22 16:00:00,259.4963073730469,0.4343864917755127,4.491912364959717,52.666297912597656,13.29984188079834,20.22507667541504,4.3157758712768555,0.9082489013671875
Warszawa,2023-05-22 17:00:00,248.7731475830078,0.331770658493042,7.063981056213379,33.33904266357422,3.6201930046081543,14.91558837890625,5.110188961029053,1.8756470680236816
Warszawa,2023-05-22 18:00:00,280.4499206542969,0.18827605247497559,8.312078475952148,55.946502685546875,6.685389995574951,11.801454544067383,8.099797248840332,2.554929256439209
Warszawa,2023-05-22 19:00:00,181.40625,0.13005220890045166,6.136523246765137,40.33198547363281,14.223160743713379,6.903488636016846,6.583685398101807,1.387932300567627
Warszawa,2023-05-22 20:00:00,200.9110565185547,0.22374725341796875,12.634778022766113,49.87787628173828,10.255253791809082,4.946568965911865,7.269855499267578,1.0249338150024414
Warszawa,2023-05-22 21:00:00,225.97067260742188,0.0313568115234375,4.43963623046875,35.88307189941406,20.16691017150879,3.418914794921875,3.7010536193847656,1.2136759757995605
Warszawa,2023-05-22 22:00:00,213.52635192871094,0.05082261562347412,7.541823387145996,53.379329681396484,15.348299026489258,4.435620307922363,9.222079277038574,1.3998908996582031
Warszawa,2023-05-22 23:00:00,212.84506225585938,0.24065959453582764,3.6484336853027344,51.05645751953125,12.485227584838867,3.6377410888671875,6.859315872192383,1.7836346626281738
Warszawa,2023-05-23 00:00:00,224.32957458496094,0.016063451766967773,3.3878774642944336,40.411521911621094,44.3509407043457,2.303806781768799,6.342802047729492,1.6958627700805664
Warszawa,2023-05-23 01:00:00,278.179931640625,0.07313394546508789,2.330232858657837,43.78729248046875,11.414054870605469,3.1720328330993652,8.694239616394043,2.294095993041992
Warszawa,2023-05-23 02:00:00,194.06092834472656,0.22483575344085693,2.7682714462280273,50.942623138427734,9.227128028869629,2.0318942070007324,12.333646774291992,1.8138046264648438
Warszawa,2023-05-23 03:00:00,236.8267059326172,0.27130115032196045,6.4724321365356445,56.734291076660156,8.469240188598633,4.38278341293335,6.3388519287109375,1.7543511390686035
Warszawa,2023-05-23 04:00:00,309.6561584472656,0.16333389282226562,4.486660480499268,48.1719970703125,8.393680572509766,2.000467300415039,5.142222881317139,2.1642098426818848
Warszawa,2023-05-23 05:00:00,227.03086853027344,0.06423509120941162,4.85384464263916,29.77419090270996,4.924100399017334,3.513153076171875,10.085121154785156,3.169752597808838
Warszawa,2023-05-23 06:00:00,221.0882568359375,0.10931432247161865,3.5116539001464844,34.62434005737305,5.380849838256836,2.672755002975464,8.68427562713623,1.5197999477386475
Augustów,2023-05-21 07:00:00,213.31878662109375,0.0017402172088623047,10.216720581054688,43.786617279052734,7.8668975830078125,3.019312858581543,5.98589563369751,2.053136110305786
Augustów,2023-05-21 08:00:00,229.93051147460938,0.23644769191741943,9.46146011352539,53.475807189941406,4.780218601226807,4.175073146820068,4.3227314949035645,1.4556593894958496
Augustów,2023-05-21 09:00:00,209.55372619628906,0.09704792499542236,10.914958953857422,46.2296142578125,3.297010898590088,5.801530361175537,7.984577178955078,2.1360766887664795
Augustów,2023-05-21 10:00:00,215.7019805908203,0.17656874656677246,7.339809417724609,68.31529998779297,6.331916809082031,7.655247688293457,5.660706043243408,1.1328916549682617
Augustów,2023-05-21 11:00:00,227.53810119628906,0.2685893774032593,8.719078063964844,71.17417907714844,5.4861226081848145,9.039814949035645,7.758512496948242,1.4144525527954102
Augustów,2023-05-21 12:00:00,203.6013641357422,0.24411475658416748,5.614902496337891,57.05279541015625,3.3701605796813965,11.024575233459473,8.854697227478027,1.3012700080871582
Augustów,2023-05-21 13:00:00,216.89479064941406,0.24257981777191162,7.097357749938965,63.75395202636719,5.747035026550293,8.876909255981445,6.676083564758301,1.6332619190216064
Augustów,2023-05-21 14:00:00,243.4132080078125,0.20150935649871826,6.42158317565918,48.427947998046875,5.1482439041137695,6.006491661071777,11.876572608947754,1.4381959438323975
Augustów,2023-05-21 15:00:00,182.05613708496094,0.2639981508255005,4.829716205596924,64.49132537841797,7.199432373046875,13.562180519104004,8.4249267578125,1.3707962036132812
Augustów,2023-05-21 16:00:00,228.5989532470703,0.04578816890716553,4.841841697692871,73.64652252197266,6.457606792449951,3.4848709106445312,4.14605712890625,1.555694341659546
Augustów,2023-05-21 17:00:00,244.5261993408203,0.15418791770935059,6.983015060424805,47.2982292175293,5.552868843078613,6.027075290679932,4.742424964904785,1.3654186725616455
Augustów,2023-05-21 18:00:00,214.3070068359375,0.021689653396606445,5.628899574279785,56.90687942504883,12.434252738952637,4.30695915222168,10.59492301940918,2.335160732269287
Augustów,2023-05-21 19:00:00,235.5891571044922,0.07253193855285645,4.710538864135742,50.99005889892578,19.816455841064453,2.854156255722046,4.58880615234375,2.136220693588257
Augustów,2023-05-21 20:00:00,202.10963439941406,0.07244002819061279,6.476229667663574,62.73381805419922,7.241433143615723,2.6674749851226807,11.12165641784668,1.3693468570709229
Augustów,2023-05-21 21:00:00,218.86334228515625,-0.0034770965576171875,6.444761276245117,46.81139373779297,6.183579921722412,1.6606051921844482,5.725244045257568,2.0032033920288086
Augustów,2023-05-21 22:00:00,197.26585388183594,0.062335848808288574,5.568385601043701,65.91928100585938,26.871641159057617,1.9007840156555176,6.061851978302002,1.8110156059265137
Augustów,2023-05-21 23:00:00,217.2700653076172,0.12103796005249023,5.34076452255249,35.88194274902344,26.507070541381836,3.172779083251953,8.380520820617676,1.284595251083374
Augustów,2023-05-22 00:00:00,230.1909637451172,-0.003957033157348633,9.801504135131836,47.134029388427734,21.350526809692383,1.8632359504699707,8.714128494262695,1.6864845752716064
Augustów,2023-05-22 01:00:00,212.34713745117188,0.025174260139465332,4.126317501068115,47.75351333618164,17.624162673950195,2.786041021347046,6.773928642272949,1.647472858428955
Augustów,2023-05-22 02:00:00,209.25827026367188,-0.08123600482940674,8.516973495483398,44.67213821411133,15.645580291748047,2.2130649089813232,5.358615875244141,1.5294899940490723
Augustów,2023-05-22 03:00:00,209.8629913330078,0.034570932388305664,8.823397636413574,43.427616119384766,17.887041091918945,2.734941244125366,8.963351249694824,1.0771257877349854
Augustów,2023-05-22 04:00:00,267.869384765625,0.0312652587890625,9.732654571533203,55.022830963134766,11.228742599487305,4.357568264007568,9.341066360473633,2.1404154300689697
Augustów,2023-05-22 05:00:00,247.26565551757812,0.18405461311340332,9.013484954833984,48.19410705566406,8.006448745727539,2.9197945594787598,8.213602066040039,2.227128744125366
Augustów,2023-05-22 06:00:00,230.1988525390625,0.08345234394073486,8.901636123657227,29.200319290161133,6.6800761222839355,7.503177642822266,6.694921493530273,1.2297074794769287
Augustów,2023-05-22 07:00:00,220.1880645751953,0.15390312671661377,8.4141263961792,53.733497619628906,13.87667465209961,6.79202938079834,4.725643157958984,2.1685843467712402
Augustów,2023-05-22 08:00:00,238.75279235839844,0.26868736743927,11.826847076416016,64.75686645507812,9.435214042663574,7.2677412033081055,4.520238876342773,1.3058831691741943
Augustów,2023-05-22 09:00:00,232.8963165283203,0.1599874496459961,8.707566261291504,40.794857025146484,8.746466636657715,8.661861419677734,5.747255325317383,2.8308024406433105
Augustów,2023-05-22 10:00:00,238.43650817871094,0.21608543395996094,5.863888263702393,25.29776954650879,5.150709629058838,22.130470275878906,9.657576560974121,2.1245346069335938
Augustów,2023-05-22 11:00:00,193.6703338623047,0.20665967464447021,5.2154693603515625,40.545654296875,4.705764293670654,21.2025146484375,11.3054780960083,1.7041819095611572
Augustów,2023-05-22 12:00:00,193.06076049804688,0.2654668092727661,4.741901397705078,39.738285064697266,6.949559688568115,12.227518081665039,7.808807373046875,2.228599786758423
Augustów,2023-05-22 13:00:00,209.7146759033203,0.22374451160430908,3.655947208404541,64.99775695800781,6.895028591156006,16.202054977416992,7.391319274902344,1.6186988353729248
Augustów,2023-05-22 14:00:00,199.8438262939453,0.5399383306503296,3.781482696533203,55.77498245239258,4.41044282913208,46.869781494140625,8.974146842956543,1.547844409942627
Augustów,2023-05-22 15:00:00,216.5900421142578,0.33557987213134766,4.466125011444092,44.62131118774414,12.852446556091309,22.878768920898438,7.306789398193359,1.3248207569122314
Augustów,2023-05-22 16:00:00,224.7561492919922,0.2552461624145508,6.253277778625488,41.035282135009766,12.003673553466797,30.817529678344727,4.049577713012695,1.041520118713379
Augustów,2023-05-22 17:00:00,245.09596252441406,0.3289477825164795,8.204878807067871,32.15147399902344,4.669432640075684,17.381591796875,4.796346187591553,1.458622694015503
Augustów,2023-05-22 18:00:00,257.8331604003906,0.31999385356903076,10.18905258178711,45.77634811401367,9.670523643493652,15.817686080932617,9.55348014831543,1.9879875183105469
Augustów,2023-05-22 19:00:00,183.24172973632812,0.09453928470611572,5.4536309242248535,33.81419372558594,11.148918151855469,26.600358963012695,10.912633895874023,2.025139570236206
Augustów,2023-05-22 20:00:00,203.95230102539062,0.1002953052520752,11.088196754455566,34.38080978393555,10.593160629272461,12.051835060119629,9.654830932617188,1.3644859790802002
Augustów,2023-05-22 21:00:00,255.9337158203125,0.02886819839477539,9.860490798950195,20.66183090209961,14.101873397827148,8.271206855773926,8.367006301879883,1.8318734169006348
Augustów,2023-05-22 22:00:00,236.3651580810547,0.00739741325378418,9.223925590515137,40.970252990722656,11.512070655822754,5.603012561798096,8.451167106628418,1.0859174728393555
Augustów,2023-05-22 23:00:00,202.5086669921875,0.19448590278625488,6.812047481536865,38.66275405883789,14.26379108428955,6.436618328094482,7.369189262390137,1.94936203956604
Augustów,2023-05-23 00:00:00,230.35704040527344,-0.039215922355651855,7.432900428771973,26.337753295898438,16.385038375854492,3.553511619567871,4.940249443054199,1.9690842628479004
Augustów,2023-05-23 01:00:00,262.2509765625,0.0017099380493164062,5.4840850830078125,36.277801513671875,14.919718742370605,4.075014591217041,14.76019287109375,2.5962564945220947
Augustów,2023-05-23 02:00:00,191.82763671875,0.17760145664215088,5.23225736618042,30.99106216430664,12.605914115905762,2.0514988899230957,18.634906768798828,2.0496740341186523
Augustów,2023-05-23 03:00:00,216.17599487304688,0.028174519538879395,16.863630294799805,48.75020217895508,12.308053970336914,3.363363265991211,6.354675769805908,1.5834500789642334
Augustów,2023-05-23 04:00:00,242.97645568847656,0.06572997570037842,10.618309020996094,42.618019104003906,12.882527351379395,2.521928071975708,5.549233436584473,2.3156819343566895
Augustów,2023-05-23 05:00:00,227.72315979003906,0.052474379539489746,6.873129844665527,26.39146614074707,9.665018081665039,3.5737695693969727,7.696937561035156,2.7613606452941895
Augustów,2023-05-23 06:00:00,236.50759887695312,0.14571642875671387,6.159879684448242,39.31425476074219,5.946051120758057,3.997847080230713,8.994880676269531,2.1334280967712402
Białystok,2023-05-21 07:00:00,206.85830688476562,0.043787479400634766,7.164177894592285,45.6239128112793,4.0231099128723145,4.47459077835083,7.81130313873291,2.389373540878296
Białystok,2023-05-21 08:00:00,221.96005249023438,0.2966359853744507,7.4103803634643555,57.31377029418945,3.0087175369262695,6.960676670074463,5.161876201629639,1.5081627368927002
Białystok,2023-05-21 09:00:00,216.5209197998047,0.2390385866165161,10.520870208740234,49.848594665527344,3.0883874893188477,7.294924736022949,10.432684898376465,1.907759428024292
Białystok,2023-05-21 10:00:00,206.38427734375,0.2558330297470093,4.55641508102417,71.97978973388672,4.750271797180176,16.15863037109375,8.91782283782959,1.1538424491882324
Białystok,2023-05-21 11:00:00,214.83543395996094,0.2923929691314697,9.017561912536621,63.56846618652344,2.1543784141540527,15.939348220825195,6.935835838317871,1.4511103630065918
Białystok,2023-05-21 12:00:00,195.10000610351562,0.27468645572662354,5.916800022125244,62.917842864990234,2.3257651329040527,15.309898376464844,8.444791793823242,1.8094229698181152
Białystok,2023-05-21 13:00:00,222.02574157714844,0.516289472579956,5.872862339019775,68.76602172851562,4.069294452667236,13.619611740112305,6.498164653778076,2.0816280841827393
Białystok,2023-05-21 14:00:00,239.99252319335938,0.2917743921279907,4.88338565826416,58.93571472167969,4.665369033813477,12.445622444152832,17.996807098388672,1.6027395725250244
Białystok,2023-05-21 15:00:00,212.15528869628906,0.2551083564758301,4.273530006408691,71.64115142822266,3.4709982872009277,18.66501235961914,10.114060401916504,1.6014058589935303
Białystok,2023-05-21 16:00:00,244.2379150390625,0.0643148422241211,4.155087947845459,76.57817077636719,6.723340034484863,5.213050842285156,5.529241561889648,1.7392594814300537
Białystok,2023-05-21 17:00:00,226.49560546875,0.22066724300384521,7.028538703918457,57.6097297668457,4.103422164916992,6.550732612609863,6.131941795349121,1.6901748180389404
Białystok,2023-05-21 18:00:00,216.72152709960938,-0.0114823579788208,4.16383695602417,71.30223083496094,8.747906684875488,4.337693214416504,8.806070327758789,2.591310501098633
Białystok,2023-05-21 19:00:00,232.56443786621094,0.05513763427734375,6.7925286293029785,74.59291076660156,8.12112808227539,3.3126401901245117,5.544904708862305,1.6565115451812744
Białystok,2023-05-21 20:00:00,205.03765869140625,0.1183772087097168,5.731555938720703,76.80062103271484,6.174484729766846,4.298267364501953,11.06840991973877,1.884286642074585
Białystok,2023-05-21 21:00:00,219.89454650878906,0.11125469207763672,10.084002494812012,62.34433364868164,3.7657647132873535,2.376091718673706,5.008487701416016,1.8811142444610596
Białystok,2023-05-21 22:00:00,196.11795043945312,0.20162725448608398,5.913202285766602,82.9189453125,16.103818893432617,2.1242027282714844,7.098297119140625,1.521507978439331
Białystok,2023-05-21 23:00:00,213.94955444335938,0.0948570966720581,7.095135688781738,52.709598541259766,21.051292419433594,4.727789402008057,7.392974853515625,1.212961196899414
Białystok,2023-05-22 00:00:00,232.24166870117188,-0.03721892833709717,7.978558540344238,65.13832092285156,10.233036041259766,1.7899079322814941,10.564369201660156,1.5935890674591064
Białystok,2023-05-22 01:00:00,210.49752807617188,-0.002236485481262207,4.551054000854492,60.49231719970703,8.944172859191895,3.328397750854492,5.696908950805664,1.364781379699707
Białystok,2023-05-22 02:00:00,218.72900390625,-0.02910149097442627,8.271886825561523,57.313331604003906,9.557340621948242,2.880006790161133,7.576618194580078,1.523608922958374
Białystok,2023-05-22 03:00:00,206.46519470214844,0.03541135787963867,14.654653549194336,58.701812744140625,8.382271766662598,4.7236809730529785,9.002150535583496,0.9881061315536499
Białystok,2023-05-22 04:00:00,247.4877166748047,0.02427852153778076,8.165608406066895,62.427276611328125,7.250739097595215,4.387979507446289,9.304291725158691,1.9449210166931152
Białystok,2023-05-22 05:00:00,239.0957489013672,0.26301372051239014,10.327624320983887,61.52849578857422,6.6146063804626465,4.720012664794922,6.388283729553223,2.6446402072906494
Białystok,2023-05-22 06:00:00,208.5172576904297,0.029873251914978027,9.461610794067383,54.16315460205078,6.530030250549316,7.251051902770996,5.935975074768066,1.454538345336914
Białystok,2023-05-22 07:00:00,231.79141235351562,0.16311168670654297,12.399640083312988,55.112953186035156,17.72057342529297,10.205962181091309,5.042010307312012,1.7271742820739746
Białystok,2023-05-22 08:00:00,238.8641357421875,0.18993031978607178,14.086583137512207,77.94769287109375,12.256623268127441,6.939375877380371,5.626895427703857,1.430323600769043
Białystok,2023-05-22 09:00:00,212.2478485107422,0.1306304931640625,10.605286598205566,55.809043884277344,10.780205726623535,9.669052124023438,4.405890941619873,2.5526411533355713
Białystok,2023-05-22 10:00:00,216.1691131591797,0.1071476936340332,10.463898658752441,38.190059661865234,6.194794654846191,15.719205856323242,11.757397651672363,1.7058162689208984
Białystok,2023-05-22 11:00:00,188.20404052734375,0.3198357820510864,10.114477157592773,56.95783233642578,4.424572944641113,14.228782653808594,13.132353782653809,2.0435118675231934
Białystok,2023-05-22 12:00:00,208.95733642578125,0.15363991260528564,9.835660934448242,50.43925476074219,8.123202323913574,13.67178726196289,8.986802101135254,1.996281623840332
Białystok,2023-05-22 13:00:00,218.7714080810547,0.09434652328491211,6.764328956604004,75.59740447998047,10.477899551391602,12.712203025817871,5.9496002197265625,1.324636459350586
Białystok,2023-05-22 14:00:00,197.4068603515625,0.4437679052352905,9.249836921691895,66.47086334228516,7.751470565795898,36.009376525878906,6.8524980545043945,1.7327721118927002
Białystok,2023-05-22 15:00:00,223.14161682128906,0.31070804595947266,6.994131565093994,61.670310974121094,18.65377426147461,18.145671844482422,6.596401214599609,1.4586918354034424
Białystok,2023-05-22 16:00:00,220.96534729003906,0.27816295623779297,10.21877384185791,53.690574645996094,12.752289772033691,25.35077476501465,4.632102012634277,0.8840482234954834
Białystok,2023-05-22 17:00:00,205.98074340820312,0.1857469081878662,9.346301078796387,49.19501876831055,5.209258079528809,13.105897903442383,3.904592514038086,1.7671411037445068
Białystok,2023-05-22 18:00:00,244.02218627929688,0.13141632080078125,13.822335243225098,52.244659423828125,14.793022155761719,14.621149063110352,10.918622016906738,2.1554172039031982
Białystok,2023-05-22 19:00:00,187.09776306152344,0.04871654510498047,8.096607208251953,42.46457290649414,19.51009750366211,12.27621841430664,12.833785057067871,1.897892951965332
Białystok,2023-05-22 20:00:00,196.2738800048828,0.11681973934173584,12.27294635772705,41.840797424316406,36.479774475097656,7.565659523010254,7.807762145996094,1.3929028511047363
Białystok,2023-05-22 21:00:00,268.9648742675781,0.04720449447631836,9.450663566589355,28.812795639038086,32.74065017700195,7.867894172668457,8.811596870422363,1.503904104232788
Białystok,2023-05-22 22:00:00,226.694091796875,0.00468289852142334,12.327406883239746,48.16630172729492,22.192663192749023,4.636310577392578,10.469189643859863,1.3836822509765625
Białystok,2023-05-22 23:00:00,204.1586456298828,0.09304249286651611,9.422738075256348,43.2983283996582,30.543420791625977,6.319194316864014,8.3546781539917,2.0241305828094482
Białystok,2023-05-23 00:00:00,228.21827697753906,0.00083160400390625,7.643707275390625,29.4517879486084,45.731231689453125,1.6193480491638184,5.265264511108398,2.0740036964416504
Białystok,2023-05-23 01:00:00,263.77496337890625,-0.01651477813720703,6.051083564758301,33.93330001831055,16.321496963500977,4.093303680419922,11.867620468139648,2.3135128021240234
Białystok,2023-05-23 02:00:00,205.5049285888672,0.08206689357757568,4.880578994750977,28.34130859375,36.377471923828125,1.4786598682403564,15.880966186523438,1.9891746044158936
Białystok,2023-05-23 03:00:00,220.27413940429688,0.06114232540130615,15.147298812866211,45.778526306152344,16.77967643737793,2.323394536972046,8.123649597167969,1.571913480758667
Białystok,2023-05-23 04:00:00,256.98516845703125,0.10871744155883789,10.639334678649902,38.119789123535156,12.565103530883789,2.1516242027282715,5.432015895843506,2.2259254455566406
Białystok,2023-05-23 05:00:00,214.29348754882812,0.003958582878112793,6.984659671783447,18.612218856811523,11.297224998474121,3.4369888305664062,7.464298248291016,3.5907669067382812
Białystok,2023-05-23 06:00:00,231.2472381591797,0.11791121959686279,7.282055854797363,42.111759185791016,7.0731353759765625,2.683032512664795,8.439486503601074,1.871392011642456
Katowice,2023-05-21 07:00:00,231.63107299804688,0.08709430694580078,6.435269355773926,33.304832458496094,10.760981559753418,2.6078708171844482,6.417109489440918,1.464179277420044
Katowice,2023-05-21 08:00:00,244.4720916748047,0.22260749340057373,14.924812316894531,40.06820297241211,6.2390241622924805,3.883866786956787,7.92069149017334,1.7865490913391113
Katowice,2023-05-21 09:00:00,204.23158264160156,0.2467195987701416,8.769611358642578,53.562198638916016,6.042025566101074,4.162498474121094,7.597187042236328,1.731919765472412
Katowice,2023-05-21 10:00:00,217.91973876953125,0.42132246494293213,5.408901214599609,52.74921417236328,16.28518295288086,4.645368576049805,8.448917388916016,0.9487661123275757
Katowice,2023-05-21 11:00:00,213.747802734375,0.2384028434753418,4.489546298980713,77.32838439941406,5.957314968109131,9.937448501586914,10.937968254089355,0.9937676191329956
Katowice,2023-05-21 12:00:00,204.2863311767578,0.19325518608093262,6.58213996887207,63.64209747314453,5.941652774810791,12.914091110229492,8.793468475341797,0.9333574771881104
Katowice,2023-05-21 13:00:00,260.0215148925781,0.27164411544799805,5.286372661590576,82.0389633178711,11.819046974182129,8.345690727233887,5.021031856536865,1.2242851257324219
Katowice,2023-05-21 14:00:00,212.4597625732422,0.2827334403991699,5.812979221343994,76.48381805419922,9.297871589660645,10.782750129699707,11.828459739685059,1.379971981048584
Katowice,2023-05-21 15:00:00,200.66502380371094,0.2810100317001343,4.042895317077637,82.58851623535156,7.225494384765625,18.423341751098633,7.201576232910156,1.2695012092590332
Katowice,2023-05-21 16:00:00,220.60475158691406,0.16322004795074463,4.873068332672119,104.46056365966797,7.675034523010254,9.914737701416016,5.638298511505127,1.192310094833374
Katowice,2023-05-21 17:00:00,239.89732360839844,0.20846426486968994,4.714993000030518,65.87882232666016,6.0172929763793945,11.048151016235352,4.802669048309326,1.7153842449188232
Katowice,2023-05-21 18:00:00,266.22802734375,0.2957864999771118,5.362400054931641,74.84107971191406,12.74107837677002,6.862995147705078,6.831904888153076,1.2903058528900146
Katowice,2023-05-21 19:00:00,237.16363525390625,0.19389498233795166,3.9270100593566895,66.61934661865234,45.152587890625,7.514139175415039,7.368158340454102,1.4316513538360596
Katowice,2023-05-21 20:00:00,213.09164428710938,0.22007358074188232,4.040789604187012,75.22345733642578,13.731890678405762,6.691143989562988,7.7439117431640625,1.1215829849243164
Katowice,2023-05-21 21:00:00,205.3878936767578,0.16091012954711914,4.800559997558594,44.592926025390625,5.802589416503906,5.851290225982666,7.161458969116211,1.9188883304595947
Katowice,2023-05-21 22:00:00,186.7521514892578,0.21004998683929443,5.429040908813477,57.199310302734375,11.680779457092285,8.096912384033203,8.706718444824219,1.7313685417175293
Katowice,2023-05-21 23:00:00,225.88723754882812,0.12308144569396973,5.597076892852783,37.38912582397461,13.4586820602417,6.139026165008545,5.218376636505127,0.7857257127761841
Katowice,2023-05-22 00:00:00,233.12356567382812,0.0229947566986084,5.11985445022583,33.47830581665039,11.883338928222656,4.568546295166016,6.1321001052856445,0.8491816520690918
Katowice,2023-05-22 01:00:00,222.92041015625,0.04235267639160156,5.388986587524414,41.604759216308594,9.277400016784668,5.208522319793701,6.04595947265625,1.904510498046875
Katowice,2023-05-22 02:00:00,208.6446075439453,-0.05315744876861572,12.540031433105469,37.57762145996094,6.982044219970703,4.5846967697143555,5.69938850402832,0.8797440528869629
Katowice,2023-05-22 03:00:00,195.61859130859375,0.1122511625289917,5.0809125900268555,39.45712661743164,15.335346221923828,3.791409969329834,7.2953948974609375,0.8253302574157715
Katowice,2023-05-22 04:00:00,278.82781982421875,-0.07944762706756592,6.172979831695557,52.55810546875,10.151156425476074,3.993011951446533,6.300121307373047,1.7375876903533936
Katowice,2023-05-22 05:00:00,225.99343872070312,0.042942166328430176,8.957895278930664,48.2091178894043,3.760568618774414,5.773690700531006,4.416957378387451,1.5568594932556152
Katowice,2023-05-22 06:00:00,189.8258056640625,0.09636259078979492,9.401040077209473,47.85050582885742,5.2648773193359375,15.146717071533203,6.200192928314209,1.4579498767852783
Katowice,2023-05-22 07:00:00,210.88157653808594,0.18142104148864746,8.427460670471191,54.625083923339844,9.872464179992676,19.95833396911621,8.551701545715332,1.8373799324035645
Katowice,2023-05-22 08:00:00,245.34103393554688,0.09364569187164307,8.061768531799316,57.056297302246094,5.860565662384033,9.419686317443848,3.5076584815979004,0.752204179763794
Katowice,2023-05-22 09:00:00,227.14593505859375,0.18087458610534668,12.903096199035645,47.41426467895508,6.7637248039245605,7.744903564453125,6.254392623901367,2.1133744716644287
Katowice,2023-05-22 10:00:00,232.72621154785156,0.18580269813537598,10.232903480529785,36.72385787963867,4.894566059112549,12.92629337310791,6.086172103881836,1.2695646286010742
Katowice,2023-05-22 11:00:00,194.51881408691406,0.18072545528411865,12.659881591796875,44.375816345214844,3.5913186073303223,12.677017211914062,9.973340034484863,1.0759196281433105
Katowice,2023-05-22 12:00:00,223.92709350585938,0.16554927825927734,10.863285064697266,51.818992614746094,6.787141799926758,14.62018871307373,5.375753402709961,1.6774516105651855
Katowice,2023-05-22 13:00:00,210.4261016845703,0.26604294776916504,8.16820240020752,77.03436279296875,6.436820030212402,10.526345252990723,5.617237091064453,1.3958582878112793
Katowice,2023-05-22 14:00:00,201.4523162841797,0.4143785238265991,5.720122337341309,70.4365005493164,6.238554954528809,12.526859283447266,7.591461181640625,1.9130568504333496
Katowice,2023-05-22 15:00:00,219.31008911132812,0.4363741874694824,9.86950969696045,47.34334945678711,20.578453063964844,5.0374674797058105,3.8576059341430664,0.7203806638717651
Katowice,2023-05-22 16:00:00,234.6949920654297,0.32089149951934814,9.537543296813965,70.39543914794922,16.867883682250977,8.476653099060059,4.040999412536621,0.9617770910263062
Katowice,2023-05-22 17:00:00,290.81964111328125,0.2402249574661255,5.475293159484863,38.858238220214844,6.006158828735352,11.9900484085083,3.94362735748291,1.2908542156219482
Katowice,2023-05-22 18:00:00,235.5143585205078,0.1293126344680786,15.41600227355957,52.07285690307617,12.577828407287598,8.773062705993652,6.272877216339111,1.1794350147247314
Katowice,2023-05-22 19:00:00,185.88677978515625,0.15857291221618652,10.004511833190918,52.525108337402344,39.30200958251953,5.376646041870117,8.27008056640625,1.2275817394256592
Katowice,2023-05-22 20:00:00,193.25450134277344,0.21523725986480713,13.831114768981934,34.286495208740234,16.1990909576416,5.6214447021484375,4.505227088928223,0.9778904914855957
Katowice,2023-05-22 21:00:00,233.1154327392578,0.10534107685089111,5.250798225402832,22.770273208618164,21.44733428955078,3.784979820251465,6.37534761428833,0.960110068321228
Katowice,2023-05-22 22:00:00,215.39405822753906,0.030025362968444824,9.325364112854004,38.0011100769043,34.22235107421875,2.796759605407715,8.087257385253906,0.948420524597168
Katowice,2023-05-22 23:00:00,211.01211547851562,0.06498730182647705,5.193492412567139,43.89330291748047,23.822059631347656,4.277561664581299,4.877304553985596,1.6235337257385254
Katowice,2023-05-23 00:00:00,233.71014404296875,0.0014380216598510742,7.309321403503418,19.06355857849121,79.77985382080078,1.9582788944244385,8.396341323852539,1.0460166931152344
Katowice,2023-05-23 01:00:00,273.4815673828125,0.10289645195007324,5.6968994140625,39.49216079711914,11.440814971923828,2.609428882598877,7.9155731201171875,2.023911237716675
Katowice,2023-05-23 02:00:00,208.022216796875,0.20598673820495605,5.956571102142334,51.91231155395508,17.56633949279785,2.541240930557251,12.174395561218262,1.1351125240325928
Katowice,2023-05-23 03:00:00,226.77818298339844,0.07045972347259521,14.590189933776855,25.45977020263672,6.795474529266357,5.108409404754639,6.888046741485596,1.60194993019104
Katowice,2023-05-23 04:00:00,247.43215942382812,0.10966658592224121,8.522258758544922,23.10260009765625,12.90835952758789,1.1171393394470215,5.413215160369873,1.164095163345337
Katowice,2023-05-23 05:00:00,210.06973266601562,0.0275956392288208,5.7046284675598145,21.724266052246094,7.551680564880371,3.36398983001709,6.614258766174316,1.4085118770599365
Katowice,2023-05-23 06:00:00,211.37855529785156,0.23648273944854736,8.684861183166504,27.159870147705078,4.548871994018555,2.53265643119812,4.976739883422852,0.9344663619995117
Zielona Góra,2023-05-21 07:00:00,227.2303924560547,0.16456103324890137,6.341368198394775,41.562400817871094,7.086491584777832,4.820741176605225,4.355360507965088,2.731602668762207
Zielona Góra,2023-05-21 08:00:00,228.7625274658203,0.23662316799163818,13.018242835998535,58.200504302978516,10.394652366638184,4.412832260131836,4.481290340423584,4.00128698348999
Zielona Góra,2023-05-21 09:00:00,195.5632781982422,0.580533504486084,10.270177841186523,34.812896728515625,6.074265480041504,4.5028839111328125,5.943264961242676,5.072326183319092
Zielona Góra,2023-05-21 10:00:00,207.95260620117188,0.45116186141967773,6.897263050079346,68.34091186523438,8.94324016571045,8.891030311584473,4.686010837554932,2.9484477043151855
Zielona Góra,2023-05-21 11:00:00,206.9145965576172,0.5356265306472778,6.013605117797852,60.83596420288086,10.463006973266602,12.5087251663208,5.533831596374512,2.390810012817383
Zielona Góra,2023-05-21 12:00:00,186.6772003173828,0.6182270050048828,4.638749599456787,69.45307159423828,7.5953569412231445,12.805214881896973,6.466675281524658,2.744535446166992
Zielona Góra,2023-05-21 13:00:00,208.72109985351562,0.6274212598800659,6.156246662139893,66.08667755126953,7.682310104370117,11.135457992553711,6.009924411773682,4.1998395919799805
Zielona Góra,2023-05-21 14:00:00,213.80828857421875,0.5423644781112671,7.370896339416504,64.12628173828125,5.623049259185791,19.43733024597168,5.4528632164001465,3.9819865226745605
Zielona Góra,2023-05-21 15:00:00,201.41102600097656,0.5004492998123169,5.6739935874938965,66.48092651367188,8.877837181091309,12.167500495910645,5.2968621253967285,2.764854669570923
Zielona Góra,2023-05-21 16:00:00,201.5644989013672,0.5736329555511475,3.6577506065368652,84.21368408203125,5.8138508796691895,6.7341790199279785,5.255786895751953,3.2504754066467285
Zielona Góra,2023-05-21 17:00:00,231.5349884033203,0.3077510595321655,5.26414680480957,55.258670806884766,8.856205940246582,9.15651798248291,6.74464750289917,3.4310860633850098
Zielona Góra,2023-05-21 18:00:00,216.76307678222656,0.17093420028686523,5.888107776641846,67.584228515625,10.703217506408691,9.722801208496094,4.7554216384887695,3.2508816719055176
Zielona Góra,2023-05-21 19:00:00,204.01901245117188,0.1827489137649536,3.6602859497070312,62.9632453918457,12.223305702209473,5.377995491027832,5.49087381362915,2.679769277572632
Zielona Góra,2023-05-21 20:00:00,211.9176483154297,0.24367833137512207,6.907846450805664,70.57470703125,6.455572128295898,4.776236057281494,6.488572597503662,2.7166402339935303
Zielona Góra,2023-05-21 21:00:00,211.18861389160156,0.1598207950592041,8.70801067352295,50.67533493041992,5.610718727111816,7.740180015563965,5.034411430358887,3.899294376373291
Zielona Góra,2023-05-21 22:00:00,217.2491912841797,0.2520298957824707,6.987836837768555,54.470672607421875,8.067483901977539,3.6332406997680664,6.801446437835693,4.376578330993652
Zielona Góra,2023-05-21 23:00:00,201.48182678222656,0.14107275009155273,7.641280174255371,53.461021423339844,7.444583892822266,5.564553737640381,5.930655002593994,2.755751371383667
Zielona Góra,2023-05-22 00:00:00,221.13890075683594,0.06018388271331787,7.039044380187988,62.02626419067383,7.9639997482299805,4.537856101989746,4.243507385253906,3.3793230056762695
Zielona Góra,2023-05-22 01:00:00,227.37643432617188,0.15111589431762695,4.182529926300049,54.7025260925293,7.368515968322754,3.3849644660949707,4.338907718658447,2.7650203704833984
Zielona Góra,2023-05-22 02:00:00,218.63719177246094,0.0987159013748169,7.76558780670166,48.5789680480957,10.68264389038086,6.973010063171387,4.505486965179443,1.9022397994995117
Zielona Góra,2023-05-22 03:00:00,213.69407653808594,0.12340903282165527,8.086636543273926,45.30561065673828,5.111908435821533,3.7758889198303223,6.02079439163208,2.627971887588501
Zielona Góra,2023-05-22 04:00:00,276.9176940917969,0.08256793022155762,11.87208366394043,61.670440673828125,6.986423492431641,4.315375804901123,6.376662254333496,4.162347316741943
Zielona Góra,2023-05-22 05:00:00,246.86888122558594,0.2324690818786621,9.028096199035645,60.61097717285156,5.3048529624938965,6.748841285705566,4.8669304847717285,3.6477537155151367
Zielona Góra,2023-05-22 06:00:00,214.4625244140625,0.17760419845581055,9.433300971984863,40.479957580566406,5.228266716003418,12.360676765441895,3.9686083793640137,2.782501697540283
Zielona Góra,2023-05-22 07:00:00,211.1820831298828,0.23389077186584473,7.214757919311523,54.696022033691406,9.809808731079102,9.974420547485352,5.442753314971924,3.652285575866699
Zielona Góra,2023-05-22 08:00:00,258.7281188964844,0.1686384677886963,9.012228012084961,57.531829833984375,7.960141181945801,9.682522773742676,5.368861675262451,2.203892707824707
Zielona Góra,2023-05-22 09:00:00,220.31002807617188,0.29579150676727295,9.059369087219238,54.55155944824219,4.764248847961426,10.696639060974121,5.188332557678223,4.245953559875488
Zielona Góra,2023-05-22 10:00:00,225.19203186035156,0.35843193531036377,9.837461471557617,48.37917709350586,5.370944023132324,14.650650978088379,7.241649627685547,3.4092564582824707
Zielona Góra,2023-05-22 11:00:00,204.47511291503906,0.2915869951248169,6.937567710876465,48.190162658691406,5.046165466308594,12.009140014648438,6.729424953460693,2.7839276790618896
Zielona Góra,2023-05-22 12:00:00,211.23443603515625,0.35046815872192383,6.887502193450928,42.22328567504883,6.569937229156494,23.47176742553711,5.958432197570801,3.314814567565918
Zielona Góra,2023-05-22 13:00:00,200.1051025390625,0.397784948348999,7.736295700073242,71.01517486572266,7.565967559814453,14.472140312194824,4.7270379066467285,2.175665855407715
Zielona Góra,2023-05-22 14:00:00,207.3975830078125,0.43266594409942627,6.525099754333496,57.74509048461914,4.376148223876953,20.392765045166016,6.596181869506836,3.5943894386291504
Zielona Góra,2023-05-22 15:00:00,216.5209197998047,0.49105870723724365,6.3714494705200195,59.48487854003906,9.736403465270996,21.6346435546875,6.189828872680664,2.9506561756134033
Zielona Góra,2023-05-22 16:00:00,211.1689910888672,0.5105201005935669,6.641976833343506,66.4555892944336,7.361294746398926,22.599767684936523,4.158339500427246,2.86344313621521
Zielona Góra,2023-05-22 17:00:00,242.8430938720703,0.3690727949142456,9.146827697753906,35.915382385253906,6.915639400482178,15.561058044433594,4.163642883300781,2.433070421218872
Zielona Góra,2023-05-22 18:00:00,241.23768615722656,0.24240314960479736,10.984748840332031,51.17514419555664,9.666687965393066,10.34977912902832,5.292940139770508,2.9449925422668457
Zielona Góra,2023-05-22 19:00:00,185.03993225097656,0.25284290313720703,8.852643013000488,46.839332580566406,32.254966735839844,10.620285987854004,5.0017266273498535,3.2302684783935547
Zielona Góra,2023-05-22 20:00:00,199.35232543945312,0.3032717704772949,13.353302955627441,50.05034637451172,15.019142150878906,5.946591854095459,6.635518550872803,3.03529691696167
Zielona Góra,2023-05-22 21:00:00,213.44595336914062,0.4760432243347168,7.188952445983887,35.5931510925293,20.212926864624023,5.473971366882324,4.624701499938965,3.595886707305908
Zielona Góra,2023-05-22 22:00:00,228.97320556640625,0.1954594850540161,15.723079681396484,33.22854995727539,12.063812255859375,3.2590527534484863,6.895788669586182,3.28250789642334
Zielona Góra,2023-05-22 23:00:00,203.45652770996094,0.35328423976898193,5.874236106872559,39.95620346069336,9.985960006713867,4.045522212982178,4.452752113342285,3.289504051208496
Zielona Góra,2023-05-23 00:00:00,231.18341064453125,0.160628080368042,6.712483882904053,40.07933044433594,13.138740539550781,3.3481788635253906,4.438800811767578,2.805055618286133
Zielona Góra,2023-05-23 01:00:00,228.66123962402344,0.26087307929992676,6.21085786819458,46.28836441040039,10.41698932647705,3.3835883140563965,8.607253074645996,4.419809818267822
Zielona Góra,2023-05-23 02:00:00,217.68173217773438,0.2975560426712036,6.206384658813477,36.48098373413086,12.07149887084961,1.8547980785369873,8.869881629943848,3.733245849609375
Zielona Góra,2023-05-23 03:00:00,236.77626037597656,0.07581794261932373,7.681346893310547,40.380760192871094,6.397488594055176,2.594655990600586,11.527770042419434,3.2926554679870605
Zielona Góra,2023-05-23 04:00:00,230.65028381347656,0.26035845279693604,6.9405975341796875,43.817665100097656,7.377453804016113,3.191779613494873,4.790078163146973,3.4250760078430176
Zielona Góra,2023-05-23 05:00:00,241.90524291992188,0.19048166275024414,8.09133529663086,31.065807342529297,4.616555690765381,3.6418752670288086,5.868407249450684,5.238308429718018
Zielona Góra,2023-05-23 06:00:00,242.4705352783203,0.4669233560562134,8.051407814025879,43.54484176635742,7.809255599975586,3.086106777191162,7.573078155517578,3.5852131843566895
Hel,2023-05-21 07:00:00,233.0748291015625,0.09724235534667969,10.978622436523438,32.5003547668457,4.654970169067383,5.807827472686768,4.8905792236328125,1.4553558826446533
Hel,2023-05-21 08:00:00,244.98721313476562,0.14695072174072266,10.048657417297363,32.44087600708008,4.642442226409912,3.884169578552246,4.2498650550842285,1.3494009971618652
Hel,2023-05-21 09:00:00,212.21478271484375,0.2491692304611206,6.75930118560791,17.940170288085938,3.771831512451172,6.3861002922058105,9.559807777404785,2.787841320037842
Hel,2023-05-21 10:00:00,184.4103240966797,0.25597476959228516,6.248733043670654,38.17692184448242,6.400313854217529,6.256340980529785,6.126533508300781,1.2999982833862305
Hel,2023-05-21 11:00:00,221.3417510986328,0.4100536108016968,7.861606597900391,60.340126037597656,10.263866424560547,9.455414772033691,8.23187255859375,1.510225534439087
Hel,2023-05-21 12:00:00,188.56068420410156,0.40785694122314453,4.097544193267822,52.016910552978516,5.371413230895996,10.031830787658691,8.515426635742188,1.8917975425720215
Hel,2023-05-21 13:00:00,229.6707000732422,0.41436517238616943,9.484946250915527,49.67433547973633,19.408287048339844,5.190787315368652,6.042569637298584,1.8270814418792725
Hel,2023-05-21 14:00:00,248.2404327392578,0.5179213285446167,7.214725494384766,43.10647964477539,6.34226131439209,6.846397876739502,8.289018630981445,1.9534788131713867
Hel,2023-05-21 15:00:00,197.8992462158203,0.19458401203155518,5.293827056884766,66.74687957763672,18.590036392211914,6.630876541137695,7.112484931945801,1.4782342910766602
Hel,2023-05-21 16:00:00,198.97825622558594,0.2248305082321167,5.231611251831055,67.2143325805664,6.962530612945557,2.0085744857788086,6.072261810302734,1.722475528717041
Hel,2023-05-21 17:00:00,222.18649291992188,0.4789724349975586,4.6684722900390625,45.90930938720703,8.33164119720459,3.144822120666504,8.333718299865723,1.549964427947998
Hel,2023-05-21 18:00:00,220.38182067871094,0.11273837089538574,5.663266181945801,59.22702407836914,14.626890182495117,3.678412437438965,7.662369728088379,2.092397451400757
Hel,2023-05-21 19:00:00,215.30528259277344,0.19959533214569092,3.1571450233459473,56.623863220214844,24.130023956298828,1.9645485877990723,5.846340179443359,1.1191601753234863
Hel,2023-05-21 20:00:00,217.2491912841797,0.17342805862426758,5.06148099899292,45.34016418457031,13.162845611572266,1.7916665077209473,15.460311889648438,1.199460744857788
Hel,2023-05-21 21:00:00,213.29872131347656,0.24292981624603271,7.05178165435791,42.67167282104492,8.979464530944824,2.6187572479248047,7.810739517211914,1.9332244396209717
Hel,2023-05-21 22:00:00,229.45860290527344,0.167016863822937,3.0363569259643555,58.15220260620117,16.618314743041992,2.551119804382324,5.921864986419678,2.046841621398926
Hel,2023-05-21 23:00:00,205.76416015625,0.18500709533691406,4.809929847717285,27.076248168945312,13.312859535217285,2.2873337268829346,6.272981643676758,1.5732600688934326
Hel,2023-05-22 00:00:00,185.0693359375,-0.014836311340332031,4.070321559906006,43.279701232910156,32.28843307495117,1.0248372554779053,6.7118964195251465,1.6305015087127686
Hel,2023-05-22 01:00:00,228.1795196533203,0.09750497341156006,3.8830976486206055,32.167152404785156,12.134421348571777,2.0504815578460693,5.136927127838135,1.6228783130645752
Hel,2023-05-22 02:00:00,213.0182647705078,0.15922784805297852,5.240444660186768,28.466068267822266,13.06821060180664,3.5902624130249023,4.535536766052246,1.3617959022521973
Hel,2023-05-22 03:00:00,230.6979217529297,0.23131060600280762,6.660003185272217,21.023488998413086,6.560941219329834,2.5707015991210938,9.643282890319824,1.1304614543914795
Hel,2023-05-22 04:00:00,258.32049560546875,0.15983867645263672,5.21608304977417,48.016727447509766,5.0636186599731445,3.1986780166625977,5.265379428863525,1.958646535873413
Hel,2023-05-22 05:00:00,221.2402801513672,0.06939697265625,3.032809257507324,42.2604866027832,5.294203281402588,5.558310508728027,4.839121341705322,2.0282223224639893
Hel,2023-05-22 06:00:00,225.72056579589844,0.21567165851593018,5.340250492095947,31.678298950195312,4.608527660369873,8.921314239501953,3.589235305786133,1.5151398181915283
Hel,2023-05-22 07:00:00,230.27792358398438,0.4649158716201782,4.043970584869385,44.46231460571289,5.127817630767822,7.106123924255371,7.491718292236328,1.935539722442627
Hel,2023-05-22 08:00:00,255.505859375,0.20473921298980713,5.245242595672607,50.97214889526367,3.165532112121582,4.190054893493652,6.117817401885986,0.7408111095428467
Hel,2023-05-22 09:00:00,252.08059692382812,0.3380335569381714,3.790517807006836,51.37552261352539,3.543837070465088,5.043172359466553,7.353654861450195,1.9248569011688232
Hel,2023-05-22 10:00:00,222.0330352783203,0.27444565296173096,4.917382717132568,33.61880111694336,4.020143508911133,8.566203117370605,9.421740531921387,1.131826639175415
Hel,2023-05-22 11:00:00,200.63577270507812,0.5667240619659424,5.477595806121826,45.559051513671875,2.3304402828216553,5.073116302490234,8.184099197387695,1.199573040008545
Hel,2023-05-22 12:00:00,244.10302734375,0.5572726726531982,4.697322368621826,38.110145568847656,3.2953810691833496,8.41296672821045,6.273266315460205,1.2309329509735107
Hel,2023-05-22 13:00:00,207.16519165039062,0.30636417865753174,3.4792165756225586,67.9678955078125,4.624383449554443,14.312248229980469,7.779537200927734,1.9577903747558594
Hel,2023-05-22 14:00:00,212.53273010253906,0.8008995056152344,3.3527584075927734,75.96104431152344,2.019209861755371,11.200121879577637,7.170798301696777,2.087033748626709
Hel,2023-05-22 15:00:00,226.49560546875,0.49993062019348145,2.7803471088409424,55.00384521484375,4.956381797790527,23.528972625732422,5.5828633308410645,1.2783222198486328
Hel,2023-05-22 16:00:00,258.6669006347656,0.4250142574310303,4.0191192626953125,43.051937103271484,3.2845935821533203,12.46700668334961,6.558180809020996,1.203606367111206
Hel,2023-05-22 17:00:00,272.2540588378906,0.3091200590133667,8.68752384185791,51.415809631347656,3.8980770111083984,27.50983428955078,7.535909652709961,1.753819227218628
Hel,2023-05-22 18:00:00,289.4547424316406,0.23197436332702637,6.18558931350708,49.69230270385742,4.708169937133789,13.769947052001953,10.06485652923584,1.994978666305542
Hel,2023-05-22 19:00:00,198.80612182617188,0.15555250644683838,3.7914938926696777,43.33565902709961,4.788962364196777,15.352872848510742,6.522604465484619,1.4236335754394531
Hel,2023-05-22 20:00:00,205.62828063964844,0.1874023675918579,9.08074951171875,61.44365310668945,8.963735580444336,9.385130882263184,8.307219505310059,1.346590280532837
Hel,2023-05-22 21:00:00,234.59609985351562,0.11826658248901367,4.839825630187988,25.980892181396484,15.011371612548828,8.955347061157227,7.622138977050781,1.2402431964874268
Hel,2023-05-22 22:00:00,227.39183044433594,0.0432969331741333,9.99374771118164,40.364044189453125,6.554972171783447,2.86303448677063,8.035223007202148,1.5184316635131836
Hel,2023-05-22 23:00:00,198.0867156982422,0.27947771549224854,5.748262405395508,36.0160026550293,3.8885178565979004,6.633686542510986,8.099188804626465,1.8451995849609375
Hel,2023-05-23 00:00:00,267.5942687988281,0.08575081825256348,6.803776264190674,39.69567108154297,7.902246475219727,4.791556358337402,7.520727157592773,1.6271369457244873
Hel,2023-05-23 01:00:00,242.91419982910156,0.2825711965560913,4.318948745727539,53.85315704345703,7.192931175231934,4.483564376831055,6.227569580078125,2.4151771068573
Hel,2023-05-23 02:00:00,202.29403686523438,0.14902126789093018,6.651168346405029,44.68672180175781,4.104633808135986,2.0985536575317383,12.321240425109863,1.6847069263458252
Hel,2023-05-23 03:00:00,232.0484619140625,0.011282920837402344,5.2797160148620605,55.6707763671875,6.148849010467529,4.706022262573242,9.841531753540039,1.5700409412384033
Hel,2023-05-23 04:00:00,201.2578125,0.057675957679748535,6.356403350830078,48.679683685302734,5.60860013961792,2.8862767219543457,7.107163429260254,3.5981621742248535
Hel,2023-05-23 05:00:00,231.7512969970703,0.15637099742889404,9.658462524414062,43.124202728271484,5.900680065155029,3.952589511871338,7.931296348571777,2.745490074157715
Hel,2023-05-23 06:00:00,247.33038330078125,0.32078707218170166,8.671590805053711,39.3182258605957,5.284723281860352,4.534826755523682,9.173572540283203,1.8924062252044678
Wrocław,2023-05-21 07:00:00,200.06442260742188,0.21811378002166748,9.462488174438477,38.42036437988281,10.720375061035156,3.969444751739502,8.429105758666992,1.1669292449951172
Wrocław,2023-05-21 08:00:00,216.26556396484375,0.14415359497070312,14.382984161376953,48.31695556640625,7.860810279846191,5.395912170410156,11.725479125976562,1.1258397102355957
Wrocław,2023-05-21 09:00:00,212.6920928955078,0.18309473991394043,9.131152153015137,53.379085540771484,6.124591827392578,5.377577781677246,15.187471389770508,1.676271915435791
Wrocław,2023-05-21 10:00:00,189.5568389892578,0.39521944522857666,4.797521591186523,66.93038940429688,10.861105918884277,9.709674835205078,16.174551010131836,1.1229629516601562
Wrocław,2023-05-21 11:00:00,195.03402709960938,0.3772813081741333,3.786940574645996,70.20640563964844,7.699699401855469,15.38737678527832,10.903332710266113,1.4112002849578857
Wrocław,2023-05-21 12:00:00,192.72808837890625,0.28641414642333984,7.736260414123535,62.787296295166016,5.213322162628174,18.616880416870117,23.866302490234375,0.8171871900558472
Wrocław,2023-05-21 13:00:00,224.8311767578125,0.2947322130203247,8.044723510742188,66.98184204101562,6.817228317260742,9.660887718200684,12.775993347167969,1.3472130298614502
Wrocław,2023-05-21 14:00:00,198.65721130371094,0.6487991809844971,13.166193962097168,75.49838256835938,6.711024284362793,12.257606506347656,18.9333553314209,1.2330858707427979
Wrocław,2023-05-21 15:00:00,195.5854034423828,0.32958734035491943,5.26075553894043,86.31326293945312,8.232054710388184,15.468196868896484,11.430686950683594,1.0611107349395752
Wrocław,2023-05-21 16:00:00,219.08291625976562,0.16110599040985107,4.650451183319092,103.49539184570312,4.5087890625,3.430600643157959,11.195208549499512,1.116274356842041
Wrocław,2023-05-21 17:00:00,217.66775512695312,0.15902745723724365,6.011056423187256,63.91777420043945,7.924281120300293,6.301731109619141,13.812686920166016,1.7499611377716064
Wrocław,2023-05-21 18:00:00,209.2967529296875,0.11863720417022705,5.594499588012695,96.37784576416016,10.56381607055664,7.336141586303711,12.564501762390137,2.2055671215057373
Wrocław,2023-05-21 19:00:00,223.9940643310547,0.21421599388122559,5.974874496459961,78.72906494140625,20.719141006469727,2.505120277404785,13.262703895568848,1.4322495460510254
Wrocław,2023-05-21 20:00:00,213.1584014892578,0.19902753829956055,8.079096794128418,77.0830307006836,6.508493423461914,2.438225507736206,18.62565040588379,1.5257573127746582
Wrocław,2023-05-21 21:00:00,210.05679321289062,0.1559762954711914,9.244611740112305,65.64090728759766,5.897937774658203,3.5423994064331055,13.076092720031738,1.5958497524261475
Wrocław,2023-05-21 22:00:00,192.09840393066406,0.2445237636566162,7.878633499145508,61.01372146606445,21.54044532775879,4.3953046798706055,13.830322265625,1.5071849822998047
Wrocław,2023-05-21 23:00:00,199.4619598388672,0.12901508808135986,8.4524507522583,45.283050537109375,15.644954681396484,5.304515838623047,10.702797889709473,0.8986018896102905
Wrocław,2023-05-22 00:00:00,229.02008056640625,0.014171719551086426,6.752528190612793,54.49412155151367,17.618724822998047,2.0718371868133545,13.384488105773926,1.1479663848876953
Wrocław,2023-05-22 01:00:00,214.12474060058594,0.07743799686431885,6.6631574630737305,68.80364990234375,14.324569702148438,2.849376678466797,11.517430305480957,1.9594264030456543
Wrocław,2023-05-22 02:00:00,223.39291381835938,0.03710508346557617,9.159281730651855,37.71270751953125,6.112221717834473,6.295085430145264,10.552347183227539,0.8559540510177612
Wrocław,2023-05-22 03:00:00,204.64596557617188,0.13236963748931885,8.033761024475098,38.080909729003906,7.676626205444336,3.072094440460205,14.77597713470459,0.7358580827713013
Wrocław,2023-05-22 04:00:00,233.204833984375,0.02433633804321289,9.850422859191895,57.670387268066406,10.344938278198242,4.558168888092041,15.929157257080078,1.9035205841064453
Wrocław,2023-05-22 05:00:00,241.99337768554688,0.14714133739471436,7.005561828613281,59.072261810302734,4.766503810882568,5.463902950286865,12.717485427856445,1.330209732055664
Wrocław,2023-05-22 06:00:00,194.73768615722656,0.16816174983978271,7.537323951721191,27.30512237548828,5.375339508056641,10.542719841003418,14.00829792022705,1.0817444324493408
Wrocław,2023-05-22 07:00:00,222.24501037597656,0.2901008129119873,6.446138381958008,36.736610412597656,12.43115520477295,10.261689186096191,15.98458480834961,1.4062261581420898
Wrocław,2023-05-22 08:00:00,235.3317413330078,0.11343419551849365,5.6734700202941895,48.62955856323242,4.0752482414245605,8.458535194396973,9.56283187866211,0.7689621448516846
Wrocław,2023-05-22 09:00:00,219.19644165039062,0.31802427768707275,9.77438735961914,48.5002326965332,8.13286018371582,13.050034523010254,19.151782989501953,2.04474139213562
Wrocław,2023-05-22 10:00:00,215.3667449951172,0.40496599674224854,8.560771942138672,36.06924819946289,3.509533405303955,9.699383735656738,19.492210388183594,1.4240696430206299
Wrocław,2023-05-22 11:00:00,192.82455444335938,0.32705914974212646,9.791881561279297,43.04051971435547,1.5817244052886963,10.946165084838867,12.04145622253418,1.021057367324829
Wrocław,2023-05-22 12:00:00,207.2718963623047,0.37281548976898193,8.997824668884277,48.357444763183594,5.103569984436035,14.823654174804688,14.981356620788574,1.9753785133361816
Wrocław,2023-05-22 13:00:00,205.23411560058594,0.3933950662612915,6.13381290435791,64.44662475585938,6.7403693199157715,9.548425674438477,14.214844703674316,1.0721924304962158
Wrocław,2023-05-22 14:00:00,211.35888671875,0.3169764280319214,6.3505706787109375,53.20014953613281,5.2078857421875,25.72354507446289,15.760293960571289,2.0892720222473145
Wrocław,2023-05-22 15:00:00,253.22410583496094,0.7175418138504028,6.852068901062012,52.718528747558594,9.110983848571777,15.09720230102539,12.643712997436523,1.1986174583435059
Wrocław,2023-05-22 16:00:00,215.44873046875,0.5250208377838135,6.110278129577637,60.84082794189453,6.228498935699463,17.664905548095703,9.128060340881348,1.4133894443511963
Wrocław,2023-05-22 17:00:00,244.9600372314453,0.30551600456237793,8.391495704650879,33.91524124145508,4.106760025024414,11.334715843200684,9.293824195861816,1.0297539234161377
Wrocław,2023-05-22 18:00:00,223.44471740722656,0.3592071533203125,8.66416072845459,47.07831954956055,8.744833946228027,11.908392906188965,15.159965515136719,1.3528010845184326
Wrocław,2023-05-22 19:00:00,164.99713134765625,0.29341721534729004,6.897310733795166,34.62896728515625,17.133689880371094,6.899744510650635,11.072014808654785,0.9003212451934814
Wrocław,2023-05-22 20:00:00,206.3345184326172,0.1801975965499878,12.333440780639648,41.91109085083008,6.685142517089844,4.952945232391357,19.39956283569336,1.1040563583374023
Wrocław,2023-05-22 21:00:00,238.03607177734375,0.1287386417388916,7.094866752624512,27.66223907470703,12.61853313446045,3.562021255493164,14.63064956665039,0.9278955459594727
Wrocław,2023-05-22 22:00:00,208.08554077148438,0.13133537769317627,8.913597106933594,48.73557662963867,9.0675687789917,2.4365830421447754,17.017032623291016,1.121687412261963
Wrocław,2023-05-22 23:00:00,199.44464111328125,0.2295827865600586,3.8272018432617188,48.57069778442383,7.937889099121094,4.582388401031494,12.833922386169434,1.5888128280639648
Wrocław,2023-05-23 00:00:00,222.37680053710938,0.15229129791259766,6.9042510986328125,42.23570251464844,9.739127159118652,3.21505069732666,12.100296974182129,1.7227959632873535
Wrocław,2023-05-23 01:00:00,254.69424438476562,0.22100448608398438,4.498267650604248,48.18561935424805,8.33694839477539,3.4172444343566895,16.70751953125,2.6679952144622803
Wrocław,2023-05-23 02:00:00,202.3357391357422,0.19670605659484863,2.2156572341918945,45.85892868041992,7.6166791915893555,2.9943816661834717,32.980003356933594,1.9798407554626465
Wrocław,2023-05-23 03:00:00,231.18341064453125,0.11692929267883301,7.302159309387207,43.627140045166016,4.084465980529785,5.069944858551025,17.405344009399414,1.4063682556152344
Wrocław,2023-05-23 04:00:00,239.38812255859375,0.2185114622116089,9.221429824829102,48.090728759765625,2.953007698059082,3.385075092315674,16.473796844482422,1.922764539718628
Wrocław,2023-05-23 05:00:00,224.62124633789062,0.11428046226501465,6.820688247680664,28.59156608581543,4.014913082122803,6.174314498901367,10.53034782409668,1.688598871231079
Wrocław,2023-05-23 06:00:00,230.29373168945312,0.4150162935256958,8.256805419921875,47.18606185913086,4.68906307220459,3.739868640899658,18.30457878112793,0.8236758708953857
