city,dt,co,no,no2,o3,so2,pm2_5,pm10,nh3
Warszawa,2023-05-21 07:00:00,188.4484405517578,0.3321840763092041,8.957042694091797,70.38035583496094,3.7661733627319336,9.195514678955078,9.86773681640625,1.7357292175292969
Warszawa,2023-05-21 08:00:00,186.6372528076172,0.43638134002685547,9.286706924438477,73.14069366455078,3.159118175506592,13.290757179260254,9.809877395629883,1.7815501689910889
Warszawa,2023-05-21 09:00:00,185.1575927734375,0.5626153945922852,9.366127967834473,75.9308853149414,2.7433414459228516,20.28447914123535,9.889986991882324,1.7795960903167725
Warszawa,2023-05-21 10:00:00,184.0076904296875,0.7012403011322021,9.275965690612793,78.70205688476562,2.438260555267334,31.381004333496094,9.998306274414062,1.765052318572998
Warszawa,2023-05-21 11:00:00,183.14109802246094,0.83159339427948,9.09703254699707,80.9654769897461,2.245884418487549,45.9847412109375,10.079172134399414,1.753164529800415
Warszawa,2023-05-21 12:00:00,182.43997192382812,0.922889232635498,8.910676002502441,82.2049560546875,2.176865816116333,59.513671875,10.105777740478516,1.7492430210113525
Warszawa,2023-05-21 13:00:00,181.80593872070312,0.9514462947845459,8.769770622253418,82.2042007446289,2.23154878616333,65.51361846923828,10.067096710205078,1.7541720867156982
Warszawa,2023-05-21 14:00:00,181.1580047607422,0.9170444011688232,8.692851066589355,81.09397888183594,2.40146803855896,61.79749298095703,9.969683647155762,1.767087459564209
Warszawa,2023-05-21 15:00:00,180.48727416992188,0.8389226198196411,8.678444862365723,79.1922836303711,2.673908233642578,51.813053131103516,9.833492279052734,1.7864570617675781
Warszawa,2023-05-21 16:00:00,179.7897491455078,0.7401199340820312,8.719573020935059,76.82784271240234,3.033651828765869,40.30065155029297,9.682089805603027,1.8103783130645752
Warszawa,2023-05-21 17:00:00,179.066162109375,0.6376670598983765,8.810553550720215,74.24909210205078,3.4622673988342285,30.131431579589844,9.535555839538574,1.836695671081543
Warszawa,2023-05-21 18:00:00,178.33535766601562,0.5413124561309814,8.948028564453125,71.61211395263672,3.9365596771240234,22.21199607849121,9.407962799072266,1.8631556034088135
Warszawa,2023-05-21 19:00:00,177.61553955078125,0.4557114839553833,9.12965202331543,69.00643157958984,4.427780628204346,16.426061630249023,9.30731201171875,1.8875799179077148
Warszawa,2023-05-21 20:00:00,176.9242401123047,0.3826843500137329,9.352418899536133,66.48805236816406,4.902738094329834,12.335963249206543,9.236466407775879,1.9080390930175781
Warszawa,2023-05-21 21:00:00,176.29165649414062,0.32266712188720703,9.610913276672363,64.1054458618164,5.327320575714111,9.498456954956055,9.194358825683594,1.9230351448059082
Warszawa,2023-05-21 22:00:00,175.73399353027344,0.2754805088043213,9.896222114562988,61.91286849975586,5.671655654907227,7.561288833618164,9.177390098571777,1.9316926002502441
Warszawa,2023-05-21 23:00:00,175.26278686523438,0.24070191383361816,10.195853233337402,59.9714241027832,5.914884090423584,6.272164821624756,9.180872917175293,1.933894395828247
Warszawa,2023-05-22 00:00:00,174.86355590820312,0.2178654670715332,10.494803428649902,58.34227752685547,6.047288417816162,5.462656497955322,9.200387954711914,1.9303052425384521
Warszawa,2023-05-22 01:00:00,174.5180206298828,0.20661258697509766,10.777153968811035,57.07902145385742,6.069173812866211,5.030557632446289,9.23267650604248,1.9222326278686523
Warszawa,2023-05-22 02:00:00,174.18255615234375,0.20684170722961426,11.02741527557373,56.224849700927734,5.9875383377075195,4.928452968597412,9.275928497314453,1.9113566875457764
Warszawa,2023-05-22 03:00:00,173.81431579589844,0.21887540817260742,11.230565071105957,55.81684494018555,5.812654495239258,5.1613898277282715,9.329469680786133,1.8993685245513916
Warszawa,2023-05-22 04:00:00,173.3585205078125,0.2436453104019165,11.370743751525879,55.895484924316406,5.555903911590576,5.797220706939697,9.392982482910156,1.8876523971557617
Warszawa,2023-05-22 05:00:00,172.80404663085938,0.28288745880126953,11.429067611694336,56.51435470581055,5.229445457458496,6.99608850479126,9.465398788452148,1.877105474472046
Warszawa,2023-05-22 06:00:00,172.15298461914062,0.33927857875823975,11.38253116607666,57.74116897583008,4.847638130187988,9.070257186889648,9.543710708618164,1.868131399154663
Warszawa,2023-05-22 07:00:00,171.4616241455078,0.4162555932998657,11.207247734069824,59.63563537597656,4.429953098297119,12.581233978271484,9.622102737426758,1.8608264923095703
Warszawa,2023-05-22 08:00:00,170.8174285888672,0.5167723894119263,10.890921592712402,62.18471908569336,4.004603385925293,18.425674438476562,9.692420959472656,1.8553335666656494
Warszawa,2023-05-22 09:00:00,170.31732177734375,0.6395975351333618,10.453396797180176,65.19812774658203,3.610255241394043,27.643312454223633,9.746824264526367,1.8521950244903564
Warszawa,2023-05-22 10:00:00,169.98703002929688,0.7729065418243408,9.956560134887695,68.24974060058594,3.2904467582702637,40.34888458251953,9.780047416687012,1.8522765636444092
Warszawa,2023-05-22 11:00:00,169.80821228027344,0.8907895088195801,9.480997085571289,70.79808807373047,3.079908847808838,53.86750793457031,9.787607192993164,1.8561675548553467
Warszawa,2023-05-22 12:00:00,169.706787109375,0.9624660015106201,9.087430000305176,72.43977355957031,2.9938933849334717,62.85873031616211,9.76430892944336,1.8639147281646729
Warszawa,2023-05-22 13:00:00,169.6136016845703,0.9714363813400269,8.800223350524902,73.0643081665039,3.0292067527770996,63.527618408203125,9.70854663848877,1.8753571510314941
Warszawa,2023-05-22 14:00:00,169.48817443847656,0.9246639013290405,8.616265296936035,72.80977630615234,3.171633720397949,56.89900588989258,9.626116752624512,1.890273094177246
Warszawa,2023-05-22 15:00:00,169.29840087890625,0.8429872989654541,8.520651817321777,71.9205093383789,3.402127742767334,46.84733200073242,9.528257369995117,1.9081883430480957
Warszawa,2023-05-22 16:00:00,169.04071044921875,0.7470335960388184,8.497467041015625,70.63092803955078,3.699580669403076,36.70866012573242,9.427202224731445,1.928227186203003
Warszawa,2023-05-22 17:00:00,168.71983337402344,0.6507930755615234,8.533924102783203,69.11661529541016,4.041308403015137,28.113697052001953,9.333159446716309,1.9491424560546875
Warszawa,2023-05-22 18:00:00,168.3484649658203,0.5618469715118408,8.620649337768555,67.49357604980469,4.402860164642334,21.44050407409668,9.25320053100586,1.969477891921997
Warszawa,2023-05-22 19:00:00,167.95509338378906,0.48362207412719727,8.750603675842285,65.83721160888672,4.758329391479492,16.494693756103516,9.19124984741211,1.987748146057129
Warszawa,2023-05-22 20:00:00,167.55584716796875,0.4173266887664795,8.917428970336914,64.2036361694336,5.081781387329102,12.923285484313965,9.148519515991211,2.002614974975586
Warszawa,2023-05-22 21:00:00,167.17828369140625,0.36312544345855713,9.114108085632324,62.64543533325195,5.349631309509277,10.390730857849121,9.124238014221191,2.01305890083313
Warszawa,2023-05-22 22:00:00,166.8377227783203,0.32075464725494385,9.33199691772461,61.21957015991211,5.543373107910156,8.631789207458496,9.116445541381836,2.0185177326202393
Warszawa,2023-05-22 23:00:00,166.54534912109375,0.2898249626159668,9.560508728027344,59.9881477355957,5.651487350463867,7.455427169799805,9.122770309448242,2.018972396850586
Warszawa,2023-05-23 00:00:00,166.2851104736328,0.2699810266494751,9.787400245666504,59.014892578125,5.669900417327881,6.734744071960449,9.141071319580078,2.0149335861206055
Warszawa,2023-05-23 01:00:00,166.0334930419922,0.2610079050064087,9.999393463134766,58.36094284057617,5.6008758544921875,6.3965559005737305,9.16976261138916,2.0073423385620117
Warszawa,2023-05-23 02:00:00,165.7672882080078,0.26292288303375244,10.182726860046387,58.082847595214844,5.451160907745361,6.415726184844971,9.207812309265137,1.9973785877227783
Warszawa,2023-05-23 03:00:00,165.45982360839844,0.2760568857192993,10.32326602935791,58.23340606689453,5.23027229309082,6.816544055938721,9.254383087158203,1.9862351417541504
Warszawa,2023-05-23 04:00:00,165.08868408203125,0.30110764503479004,10.40630054473877,58.863285064697266,4.949629306793213,7.683086395263672,9.3082914352417,1.9749197959899902
Warszawa,2023-05-23 05:00:00,164.65481567382812,0.3391045331954956,10.416768074035645,60.018218994140625,4.622735977172852,9.179973602294922,9.367313385009766,1.9641478061676025
Warszawa,2023-05-23 06:00:00,164.1781768798828,0.39114367961883545,10.34122371673584,61.7242317199707,4.266282081604004,11.579611778259277,9.427685737609863,1.9543673992156982
Augustów,2023-05-21 07:00:00,196.3854217529297,0.19511723518371582,14.442669868469238,63.962852478027344,5.302185535430908,9.904631614685059,8.391815185546875,1.8535144329071045
Augustów,2023-05-21 08:00:00,195.0120391845703,0.28564417362213135,15.197515487670898,65.69478607177734,4.6953253746032715,15.128278732299805,8.127705574035645,1.9386773109436035
Augustów,2023-05-21 09:00:00,193.9685516357422,0.4025557041168213,15.456371307373047,68.10735321044922,4.235306739807129,25.059274673461914,8.08281135559082,1.9677002429962158
Augustów,2023-05-21 10:00:00,193.3839111328125,0.5447652339935303,15.170963287353516,70.97679138183594,3.871371269226074,43.424625396728516,8.107919692993164,1.9742891788482666
Augustów,2023-05-21 11:00:00,193.06076049804688,0.6976273059844971,14.50706958770752,73.683837890625,3.6349282264709473,72.19181823730469,8.141571044921875,1.9735291004180908
Augustów,2023-05-21 12:00:00,192.74952697753906,0.8260883092880249,13.7131986618042,75.4626235961914,3.57010555267334,102.71597290039062,8.157628059387207,1.972916603088379
Augustów,2023-05-21 13:00:00,192.33267211914062,0.8909463882446289,12.980769157409668,75.87068176269531,3.699512481689453,116.19377899169922,8.142313957214355,1.9762942790985107
Augustów,2023-05-21 14:00:00,191.80113220214844,0.8784531354904175,12.401703834533691,74.96125030517578,4.024476528167725,105.33854675292969,8.095311164855957,1.9854013919830322
Augustów,2023-05-21 15:00:00,191.2201385498047,0.8065472841262817,11.996758460998535,73.09008026123047,4.534440040588379,81.53186798095703,8.028761863708496,2.000377893447876
Augustów,2023-05-21 16:00:00,190.6116180419922,0.7046076059341431,11.75384521484375,70.64641571044922,5.211085319519043,57.78351974487305,7.958745002746582,2.0200273990631104
Augustów,2023-05-21 17:00:00,190.01251220703125,0.5957852602005005,11.651723861694336,67.9110336303711,6.026654243469238,39.48381423950195,7.898787498474121,2.0423340797424316
Augustów,2023-05-21 18:00:00,189.41751098632812,0.49313533306121826,11.669944763183594,65.0425796508789,6.939632415771484,26.844974517822266,7.857970237731934,2.0650057792663574
Augustów,2023-05-21 19:00:00,188.83168029785156,0.402518630027771,11.790802001953125,62.1198844909668,7.891709327697754,18.492746353149414,7.840976715087891,2.0858147144317627
Augustów,2023-05-21 20:00:00,188.26507568359375,0.3259793519973755,11.997838020324707,59.190433502197266,8.81025218963623,13.051200866699219,7.848441123962402,2.1027681827545166
Augustów,2023-05-21 21:00:00,187.7476806640625,0.26383447647094727,12.272974014282227,56.3041877746582,9.618854522705078,9.513830184936523,7.877447128295898,2.1142590045928955
Augustów,2023-05-21 22:00:00,187.31887817382812,0.21568119525909424,12.594673156738281,53.52598190307617,10.253776550292969,7.216291427612305,7.9225616455078125,2.1192739009857178
Augustów,2023-05-21 23:00:00,186.98741149902344,0.18082237243652344,12.938194274902344,50.928253173828125,10.678277015686035,5.737761497497559,7.977472305297852,2.117633819580078
Augustów,2023-05-22 00:00:00,186.7471466064453,0.15848171710968018,13.278430938720703,48.574005126953125,10.886531829833984,4.818429470062256,8.036800384521484,2.110135316848755
Augustów,2023-05-22 01:00:00,186.5873565673828,0.1479806900024414,13.593029022216797,46.50267791748047,10.895943641662598,4.304797649383545,8.097251892089844,2.098494291305542
Augustów,2023-05-22 02:00:00,186.44776916503906,0.14893114566802979,13.864295959472656,44.726741790771484,10.734490394592285,4.117713928222656,8.157930374145508,2.0850017070770264
Augustów,2023-05-22 03:00:00,186.26864624023438,0.16145336627960205,14.078258514404297,43.239898681640625,10.430306434631348,4.238358974456787,8.219833374023438,2.0720057487487793
Augustów,2023-05-22 04:00:00,186.0006561279297,0.18643653392791748,14.221086502075195,42.033477783203125,10.00619888305664,4.711391925811768,8.284869194030762,2.061424493789673
Augustów,2023-05-22 05:00:00,185.5953369140625,0.22588980197906494,14.273587226867676,41.116981506347656,9.478775978088379,5.671690940856934,8.354596138000488,2.0544533729553223
Augustów,2023-05-22 06:00:00,185.05953979492188,0.28346729278564453,14.205816268920898,40.53966522216797,8.860695838928223,7.413548469543457,8.428808212280273,2.051496982574463
Augustów,2023-05-22 07:00:00,184.43463134765625,0.3652688264846802,13.97420597076416,40.40821075439453,8.165316581726074,10.544639587402344,8.503924369812012,2.052253007888794
Augustów,2023-05-22 08:00:00,183.82398986816406,0.48092353343963623,13.527429580688477,40.88557052612305,7.413460731506348,16.29275131225586,8.571864128112793,2.0559239387512207
Augustów,2023-05-22 09:00:00,183.39051818847656,0.6441894769668579,12.83189868927002,42.1312255859375,6.642782211303711,26.939132690429688,8.621803283691406,2.0615954399108887
Augustów,2023-05-22 10:00:00,183.26092529296875,0.8692501783370972,11.920160293579102,44.137969970703125,5.916777610778809,45.579097747802734,8.648369789123535,2.0687308311462402
Augustów,2023-05-22 11:00:00,183.43858337402344,1.1535944938659668,10.916472434997559,46.560691833496094,5.316537857055664,72.5097885131836,8.660638809204102,2.0770299434661865
Augustów,2023-05-22 12:00:00,183.78536987304688,1.4451165199279785,9.975384712219238,48.820621490478516,4.904196262359619,98.34583282470703,8.675217628479004,2.085383415222168
Augustów,2023-05-22 13:00:00,184.16268920898438,1.6346311569213867,9.195573806762695,50.452667236328125,4.695925235748291,107.89916229248047,8.700303077697754,2.0925087928771973
Augustów,2023-05-22 14:00:00,184.46868896484375,1.6404807567596436,8.602381706237793,51.30055236816406,4.670778751373291,97.61315155029297,8.73395824432373,2.0990262031555176
Augustów,2023-05-22 15:00:00,184.65379333496094,1.4960007667541504,8.177356719970703,51.45022201538086,4.791073799133301,77.37136840820312,8.772377967834473,2.1072046756744385
Augustów,2023-05-22 16:00:00,184.70257568359375,1.2915761470794678,7.88790225982666,51.076480865478516,5.015244007110596,57.123722076416016,8.813891410827637,2.1191704273223877
Augustów,2023-05-22 17:00:00,184.59042358398438,1.089660882949829,7.703183174133301,50.34280776977539,5.302657127380371,41.03617858886719,8.858436584472656,2.1358866691589355
Augustów,2023-05-22 18:00:00,184.32769775390625,0.9144042730331421,7.599031448364258,49.37126159667969,5.6145243644714355,29.454132080078125,8.906468391418457,2.157078266143799
Augustów,2023-05-22 19:00:00,183.9302978515625,0.7701730728149414,7.557710647583008,48.24828338623047,5.914178848266602,21.45105743408203,8.958088874816895,2.1815130710601807
Augustów,2023-05-22 20:00:00,183.42897033691406,0.6545652151107788,7.565956115722656,47.03969955444336,6.1683030128479,16.00389289855957,9.012619018554688,2.2073066234588623
Augustów,2023-05-22 21:00:00,182.8542022705078,0.5638278722763062,7.612752914428711,45.8035774230957,6.3493876457214355,12.316854476928711,9.06861400604248,2.232245683670044
Augustów,2023-05-22 22:00:00,182.2501983642578,0.4945920705795288,7.687568664550781,44.59734344482422,6.438446521759033,9.837882041931152,9.12440299987793,2.2541658878326416
Augustów,2023-05-22 23:00:00,181.63172912597656,0.44426071643829346,7.779335975646973,43.479347229003906,6.426602840423584,8.203022003173828,9.178803443908691,2.2713623046875
Augustów,2023-05-23 00:00:00,181.02716064453125,0.41100966930389404,7.876279830932617,42.5069694519043,6.314569473266602,7.181707382202148,9.23176383972168,2.2829248905181885
Augustów,2023-05-23 01:00:00,180.42698669433594,0.39373981952667236,7.966073989868164,41.73454284667969,6.110218048095703,6.638153076171875,9.284528732299805,2.288881778717041
Augustów,2023-05-23 02:00:00,179.81735229492188,0.39208686351776123,8.036296844482422,41.21363830566406,5.825427532196045,6.509159564971924,9.339317321777344,2.2900781631469727
Augustów,2023-05-23 03:00:00,179.18936157226562,0.40650904178619385,8.074479103088379,40.99702072143555,5.473583698272705,6.796461582183838,9.398689270019531,2.2878401279449463
Augustów,2023-05-23 04:00:00,178.53443908691406,0.43845248222351074,8.068071365356445,41.14518356323242,5.068506717681885,7.573777198791504,9.464715957641602,2.283546209335327
Augustów,2023-05-23 05:00:00,177.85775756835938,0.4905599355697632,8.004687309265137,41.731746673583984,4.624800205230713,9.010890007019043,9.538249015808105,2.2782719135284424
Augustów,2023-05-23 06:00:00,177.19558715820312,0.5667998790740967,7.873630523681641,42.83999252319336,4.159308910369873,11.415613174438477,9.618246078491211,2.272620677947998
Białystok,2023-05-21 07:00:00,188.58621215820312,0.25485873222351074,12.82872486114502,65.67833709716797,4.549291133880615,8.549422264099121,8.80865478515625,1.7823567390441895
Białystok,2023-05-21 08:00:00,186.88722229003906,0.34663307666778564,13.121746063232422,67.91035461425781,4.1042094230651855,13.231280326843262,8.719048500061035,1.8541879653930664
Białystok,2023-05-21 09:00:00,185.71377563476562,0.4663888216018677,13.113739013671875,70.81886291503906,3.717811107635498,21.7518253326416,8.773496627807617,1.8699584007263184
Białystok,2023-05-21 10:00:00,184.9762725830078,0.6121660470962524,12.784343719482422,74.03679656982422,3.3881378173828125,37.02141189575195,8.85840129852295,1.8677351474761963
Białystok,2023-05-21 11:00:00,184.50762939453125,0.7669404745101929,12.249014854431152,76.90451049804688,3.159878730773926,60.30656051635742,8.925877571105957,1.8629610538482666
Białystok,2023-05-21 12:00:00,184.1481475830078,0.8934314250946045,11.67199420928955,78.70879364013672,3.077592372894287,84.93201446533203,8.954429626464844,1.8616955280303955
Białystok,2023-05-21 13:00:00,183.7564239501953,0.9526301622390747,11.171335220336914,79.08802795410156,3.161670207977295,96.93180847167969,8.932663917541504,1.866137981414795
Białystok,2023-05-21 14:00:00,183.31369018554688,0.9332180023193359,10.796064376831055,78.15245819091797,3.411414623260498,90.17646026611328,8.863946914672852,1.876793622970581
Białystok,2023-05-21 15:00:00,182.80648803710938,0.8552758693695068,10.550320625305176,76.28258514404297,3.8152008056640625,72.20082092285156,8.765210151672363,1.8931365013122559
Białystok,2023-05-21 16:00:00,182.26441955566406,0.7487486600875854,10.420988082885742,73.8758316040039,4.355531215667725,52.94321060180664,8.657072067260742,1.9137845039367676
Białystok,2023-05-21 17:00:00,181.69290161132812,0.6364521980285645,10.392629623413086,71.21712493896484,5.008656024932861,37.29279327392578,8.556678771972656,1.9367766380310059
Białystok,2023-05-21 18:00:00,181.10658264160156,0.5309934616088867,10.452323913574219,68.46804809570312,5.741786003112793,26.017709732055664,8.475604057312012,1.9599454402923584
Białystok,2023-05-21 19:00:00,180.51976013183594,0.4379154443740845,10.589700698852539,65.7071762084961,6.5108561515808105,18.312667846679688,8.420121192932129,1.9811983108520508
Białystok,2023-05-21 20:00:00,179.95550537109375,0.3590576648712158,10.79520034790039,62.97660827636719,7.261728286743164,13.156594276428223,8.391921997070312,1.998694658279419
Białystok,2023-05-21 21:00:00,179.44088745117188,0.2946094274520874,11.05775260925293,60.31602478027344,7.936497688293457,9.73137378692627,8.388946533203125,2.0110018253326416
Białystok,2023-05-21 22:00:00,179.0069122314453,0.24410545825958252,11.36281967163086,57.7785758972168,8.484079360961914,7.466609954833984,8.406549453735352,2.017260789871216
Białystok,2023-05-21 23:00:00,178.67044067382812,0.2068498134613037,11.692246437072754,55.429222106933594,8.870461463928223,5.9872026443481445,8.438968658447266,2.017340898513794
Białystok,2023-05-22 00:00:00,178.43031311035156,0.18211328983306885,12.025694847106934,53.33231735229492,9.083307266235352,5.055241584777832,8.480987548828125,2.011920690536499
Białystok,2023-05-22 01:00:00,178.25405883789062,0.1692821979522705,12.343183517456055,51.53850555419922,9.128843307495117,4.527462482452393,8.529029846191406,2.002420425415039
Białystok,2023-05-22 02:00:00,178.105224609375,0.16801917552947998,12.62697982788086,50.079158782958984,9.024049758911133,4.329256057739258,8.581628799438477,1.9907422065734863
Białystok,2023-05-22 03:00:00,177.92068481445312,0.17845392227172852,12.861655235290527,48.97114562988281,8.788952827453613,4.443414211273193,8.639030456542969,1.9788687229156494
Białystok,2023-05-22 04:00:00,177.6424102783203,0.20141589641571045,13.031876564025879,48.23007583618164,8.441848754882812,4.914124965667725,8.702360153198242,1.9684624671936035
Białystok,2023-05-22 05:00:00,177.22679138183594,0.2387382984161377,13.118280410766602,47.88792037963867,7.997961044311523,5.872285842895508,8.772459030151367,1.9605934619903564
Białystok,2023-05-22 06:00:00,176.67149353027344,0.293673038482666,13.093233108520508,48.00978088378906,7.470858573913574,7.5981035232543945,8.848485946655273,1.9556589126586914
Białystok,2023-05-22 07:00:00,176.01014709472656,0.37140941619873047,12.919151306152344,48.70112609863281,6.876206874847412,10.652531623840332,8.926467895507812,1.9534666538238525
Białystok,2023-05-22 08:00:00,175.34983825683594,0.4794200658798218,12.555709838867188,50.08564376831055,6.237527370452881,16.11180877685547,8.998494148254395,1.9534811973571777
Białystok,2023-05-22 09:00:00,174.8289337158203,0.6262904405593872,11.984654426574707,52.21797561645508,5.593976020812988,25.802400588989258,9.054996490478516,1.9552726745605469
Białystok,2023-05-22 10:00:00,174.55250549316406,0.8152800798416138,11.24863338470459,54.92525100708008,5.0050458908081055,41.76383972167969,9.091551780700684,1.958920955657959
Białystok,2023-05-22 11:00:00,174.53956604003906,1.0290248394012451,10.45846939086914,57.72678756713867,4.5381760597229,63.20616912841797,9.113179206848145,1.9646415710449219
Białystok,2023-05-22 12:00:00,174.67764282226562,1.2163293361663818,9.735119819641113,60.036293029785156,4.239589214324951,82.47227478027344,9.126649856567383,1.9719316959381104
Białystok,2023-05-22 13:00:00,174.86355590820312,1.312072515487671,9.149937629699707,61.48448944091797,4.119113922119141,89.23738098144531,9.132658958435059,1.98018217086792
Białystok,2023-05-22 14:00:00,175.0108642578125,1.2901766300201416,8.71859359741211,62.03028106689453,4.159473896026611,81.5404281616211,9.129630088806152,1.9898183345794678
Białystok,2023-05-22 15:00:00,175.05857849121094,1.1816658973693848,8.424903869628906,61.84557342529297,4.33129358291626,66.15099334716797,9.119131088256836,2.0019242763519287
Białystok,2023-05-22 16:00:00,174.9891815185547,1.0361740589141846,8.2433443069458,61.155155181884766,4.6020588874816895,50.14535903930664,9.105649948120117,2.0172436237335205
Białystok,2023-05-22 17:00:00,174.78567504882812,0.8885475397109985,8.150479316711426,60.14559555053711,4.939062118530273,36.89402389526367,9.094244956970215,2.0357115268707275
Białystok,2023-05-22 18:00:00,174.4706268310547,0.7550266981124878,8.128265380859375,58.944602966308594,5.3094635009765625,26.99853515625,9.089070320129395,2.056501626968384
Białystok,2023-05-22 19:00:00,174.0539093017578,0.6407637596130371,8.163609504699707,57.63429641723633,5.680059432983398,19.951597213745117,9.092713356018066,2.078249931335449
Białystok,2023-05-22 20:00:00,173.57118225097656,0.5460807085037231,8.246515274047852,56.27203369140625,6.018219947814941,15.038280487060547,9.10600471496582,2.0992958545684814
Białystok,2023-05-22 21:00:00,173.06175231933594,0.4696770906448364,8.368143081665039,54.90773010253906,6.29427433013916,11.647794723510742,9.128262519836426,2.1179325580596924
Białystok,2023-05-22 22:00:00,172.55137634277344,0.40995800495147705,8.519238471984863,53.59406280517578,6.484792232513428,9.331009864807129,9.157852172851562,2.1326844692230225
Białystok,2023-05-22 23:00:00,172.06936645507812,0.36550283432006836,8.689209938049316,52.38935852050781,6.575250625610352,7.779260635375977,9.193028450012207,2.1425697803497314
Białystok,2023-05-23 00:00:00,171.61935424804688,0.3352111577987671,8.86603832244873,51.35531997680664,6.560846328735352,6.790545463562012,9.232611656188965,2.147287130355835
Białystok,2023-05-23 01:00:00,171.18429565429688,0.31836140155792236,9.03665542602539,50.552978515625,6.445122241973877,6.242129325866699,9.276430130004883,2.1472535133361816
Białystok,2023-05-23 02:00:00,170.75576782226562,0.31467318534851074,9.187536239624023,50.040409088134766,6.237174034118652,6.0736083984375,9.325227737426758,2.1434712409973145
Białystok,2023-05-23 03:00:00,170.2928009033203,0.32439959049224854,9.304872512817383,49.87412643432617,5.948943138122559,6.28078031539917,9.380280494689941,2.1372454166412354
Białystok,2023-05-23 04:00:00,169.7838592529297,0.34844744205474854,9.374411582946777,50.113487243652344,5.593564987182617,6.921342372894287,9.442712783813477,2.1298608779907227
Białystok,2023-05-23 05:00:00,169.2137451171875,0.3884943723678589,9.381237030029297,50.82466506958008,5.1852240562438965,8.135027885437012,9.512664794921875,2.1223042011260986
Białystok,2023-05-23 06:00:00,168.6038360595703,0.4470013380050659,9.310542106628418,52.076881408691406,4.740286350250244,10.18070125579834,9.58857536315918,2.1151485443115234
Katowice,2023-05-21 07:00:00,190.8524169921875,0.26137804985046387,10.336276054382324,71.99297332763672,4.0177226066589355,7.744912147521973,10.138458251953125,1.4791529178619385
Katowice,2023-05-21 08:00:00,188.73443603515625,0.36514735221862793,10.733473777770996,74.98507690429688,3.503605365753174,11.767129898071289,10.017592430114746,1.526249885559082
Katowice,2023-05-21 09:00:00,187.28366088867188,0.4972662925720215,10.793776512145996,78.28913879394531,3.0790934562683105,19.296253204345703,10.04171371459961,1.533362865447998
Katowice,2023-05-21 10:00:00,186.3084259033203,0.652908444404602,10.58984375,81.72074127197266,2.734905958175659,32.78765869140625,10.108400344848633,1.530106544494629
Katowice,2023-05-21 11:00:00,185.64959716796875,0.810228705406189,10.246265411376953,84.60029602050781,2.507272958755493,53.032264709472656,10.162812232971191,1.529477834701538
Katowice,2023-05-21 12:00:00,185.1428680419922,0.9283096790313721,9.895159721374512,86.19108581542969,2.426567554473877,73.83758544921875,10.171477317810059,1.5362904071807861
Katowice,2023-05-21 13:00:00,184.64404296875,0.9711594581604004,9.617720603942871,86.18778228759766,2.501783847808838,83.41880798339844,10.114107131958008,1.550849437713623
Katowice,2023-05-21 14:00:00,184.0851593017578,0.9354807138442993,9.438277244567871,84.79219055175781,2.7273056507110596,77.21428680419922,9.993450164794922,1.5715694427490234
Katowice,2023-05-21 15:00:00,183.4578094482422,0.8465456962585449,9.350831031799316,82.45738983154297,3.0918779373168945,61.79159927368164,9.831501960754395,1.596543788909912
Katowice,2023-05-21 16:00:00,182.7778778076172,0.7343366146087646,9.342619895935059,79.62052154541016,3.5815768241882324,45.380069732666016,9.655213356018066,1.6239125728607178
Katowice,2023-05-21 17:00:00,182.0608673095703,0.6196802854537964,9.403753280639648,76.5828628540039,4.177954196929932,32.01530456542969,9.487020492553711,1.6518046855926514
Katowice,2023-05-21 18:00:00,181.32186889648438,0.5135189294815063,9.528172492980957,73.51011657714844,4.854249000549316,22.351402282714844,9.342065811157227,1.678373098373413
Katowice,2023-05-21 19:00:00,180.58474731445312,0.4204970598220825,9.711858749389648,70.48023223876953,5.5723772048950195,15.728612899780273,9.228534698486328,1.7019076347351074
Katowice,2023-05-21 20:00:00,179.8863983154297,0.3420673608779907,9.950342178344727,67.53426361083984,6.283273220062256,11.291365623474121,9.148626327514648,1.7209546566009521
Katowice,2023-05-21 21:00:00,179.25331115722656,0.27827203273773193,10.236196517944336,64.71255493164062,6.932568550109863,8.345370292663574,9.099823951721191,1.7344567775726318
Katowice,2023-05-21 22:00:00,178.7294464111328,0.22857928276062012,10.557308197021484,62.07050323486328,7.47080135345459,6.40231466293335,9.0764741897583,1.7418863773345947
Katowice,2023-05-21 23:00:00,178.32180786132812,0.1922365427017212,10.89699935913086,59.67513656616211,7.863767623901367,5.139532089233398,9.07171630859375,1.7433655261993408
Katowice,2023-05-22 00:00:00,178.02865600585938,0.16845178604125977,11.235956192016602,57.590816497802734,8.097391128540039,4.352314472198486,9.079510688781738,1.7396996021270752
Katowice,2023-05-22 01:00:00,177.81285095214844,0.15654540061950684,11.555261611938477,55.865535736083984,8.17516803741455,3.9182162284851074,9.095913887023926,1.7322797775268555
Katowice,2023-05-22 02:00:00,177.62896728515625,0.15612053871154785,11.838486671447754,54.526424407958984,8.111024856567383,3.775228977203369,9.119464874267578,1.7228200435638428
Katowice,2023-05-22 03:00:00,177.40528869628906,0.16725730895996094,12.071722030639648,53.58662414550781,7.922182083129883,3.912837028503418,9.1505765914917,1.7129881381988525
Katowice,2023-05-22 04:00:00,177.0709228515625,0.19074153900146484,12.241121292114258,53.06051254272461,7.624685287475586,4.377141952514648,9.190512657165527,1.7040722370147705
Katowice,2023-05-22 05:00:00,176.58741760253906,0.2283557653427124,12.328696250915527,52.98197937011719,7.232109069824219,5.296385765075684,9.239999771118164,1.696817398071289
Katowice,2023-05-22 06:00:00,175.94430541992188,0.28325676918029785,12.308133125305176,53.41974639892578,6.756922721862793,6.943130970001221,9.29772663116455,1.691441535949707
Katowice,2023-05-22 07:00:00,175.17147827148438,0.36039555072784424,12.143623352050781,54.47962188720703,6.214150428771973,9.86508560180664,9.35883903503418,1.687840461730957
Katowice,2023-05-22 08:00:00,174.38882446289062,0.46656203269958496,11.798063278198242,56.27095031738281,5.627421855926514,15.118082046508789,9.414397239685059,1.6859495639801025
Katowice,2023-05-22 09:00:00,173.74171447753906,0.6084010601043701,11.259624481201172,58.79973220825195,5.037120819091797,24.48383140563965,9.454177856445312,1.6862573623657227
Katowice,2023-05-22 10:00:00,173.3457794189453,0.7846108675003052,10.579171180725098,61.79922866821289,4.504359245300293,39.84450912475586,9.47376537322998,1.690025806427002
Katowice,2023-05-22 11:00:00,173.20999145507812,0.9714702367782593,9.8690185546875,64.69062042236328,4.095808982849121,60.0263557434082,9.476887702941895,1.698352336883545
Katowice,2023-05-22 12:00:00,173.23544311523438,1.1180884838104248,9.239745140075684,66.8593521118164,3.854198455810547,77.2022933959961,9.46631908416748,1.710866928100586
Katowice,2023-05-22 13:00:00,173.3075714111328,1.1749465465545654,8.7486572265625,67.99085998535156,3.786684989929199,81.96055603027344,9.43970775604248,1.7263081073760986
Katowice,2023-05-22 14:00:00,173.3372802734375,1.134251356124878,8.401824951171875,68.13098907470703,3.8760738372802734,73.5550537109375,9.396360397338867,1.7438733577728271
Katowice,2023-05-22 15:00:00,173.27362060546875,1.0286903381347656,8.179609298706055,67.52286529541016,4.094995021820068,58.81945037841797,9.341164588928223,1.7633345127105713
Katowice,2023-05-22 16:00:00,173.09561157226562,0.8977195024490356,8.057031631469727,66.43112182617188,4.413377285003662,44.10683822631836,9.282013893127441,1.7844607830047607
Katowice,2023-05-22 17:00:00,172.79981994628906,0.767216682434082,8.013092041015625,65.0569076538086,4.800227165222168,32.185585021972656,9.226507186889648,1.8066627979278564
Katowice,2023-05-22 18:00:00,172.40016174316406,0.6492596864700317,8.032525062561035,63.52851867675781,5.223079681396484,23.402353286743164,9.18039321899414,1.8289601802825928
Katowice,2023-05-22 19:00:00,171.9274139404297,0.547900915145874,8.104615211486816,61.923728942871094,5.64760684967041,17.207075119018555,9.147021293640137,1.8501017093658447
Katowice,2023-05-22 20:00:00,171.41603088378906,0.46360111236572266,8.221048355102539,60.296268463134766,6.038839817047119,12.9209623336792,9.127370834350586,1.8687341213226318
Katowice,2023-05-22 21:00:00,170.907958984375,0.3955264091491699,8.373845100402832,58.69585037231445,6.3643107414245605,9.984597206115723,9.120534896850586,1.8836009502410889
Katowice,2023-05-22 22:00:00,170.4236297607422,0.3425300121307373,8.553763389587402,57.178382873535156,6.598168849945068,7.993846893310547,9.124434471130371,1.8937656879425049
Katowice,2023-05-22 23:00:00,169.99517822265625,0.3035271167755127,8.749670028686523,55.807037353515625,6.724512100219727,6.674432754516602,9.136824607849121,1.8987975120544434
Katowice,2023-05-23 00:00:00,169.60955810546875,0.2776355743408203,8.948718070983887,54.64744186401367,6.738277435302734,5.849141597747803,9.156017303466797,1.8988821506500244
Katowice,2023-05-23 01:00:00,169.25807189941406,0.2642596960067749,9.137112617492676,53.76189041137695,6.643460750579834,5.412624359130859,9.181385040283203,1.8947815895080566
Katowice,2023-05-23 02:00:00,168.90016174316406,0.2631782293319702,9.300923347473145,53.20681381225586,6.449825286865234,5.316511631011963,9.213272094726562,1.887660264968872
Katowice,2023-05-23 03:00:00,168.5039825439453,0.2746560573577881,9.426140785217285,53.03535461425781,6.16977071762085,5.565121650695801,9.252532958984375,1.8788070678710938
Katowice,2023-05-23 04:00:00,168.03440856933594,0.2995718717575073,9.498358726501465,53.30368423461914,5.81655740737915,6.2232584953308105,9.299818992614746,1.8693625926971436
Katowice,2023-05-23 05:00:00,167.48097229003906,0.33953404426574707,9.50207805633545,54.076560974121094,5.4042487144470215,7.439761161804199,9.354762077331543,1.8601462841033936
Katowice,2023-05-23 06:00:00,166.8533477783203,0.396877646446228,9.42143726348877,55.42363739013672,4.949140548706055,9.491351127624512,9.415142059326172,1.851654291152954
Zielona Góra,2023-05-21 07:00:00,189.13436889648438,0.32091057300567627,14.447864532470703,65.48066711425781,4.879722595214844,11.253694534301758,7.600449562072754,3.515385150909424
Zielona Góra,2023-05-21 08:00:00,188.438232421875,0.42927539348602295,15.43416976928711,67.36665344238281,4.262825012207031,18.572120666503906,7.4180097579956055,3.6660642623901367
Zielona Góra,2023-05-21 09:00:00,187.7982635498047,0.5765895843505859,15.929550170898438,69.46412658691406,3.8400044441223145,32.11326599121094,7.506355285644531,3.6405744552612305
Zielona Góra,2023-05-21 10:00:00,187.42965698242188,0.7569819688796997,15.83983039855957,71.53948974609375,3.551757335662842,56.29097366333008,7.63670539855957,3.5472583770751953
Zielona Góra,2023-05-21 11:00:00,187.17308044433594,0.9453516006469727,15.337715148925781,73.05101776123047,3.4082655906677246,91.25746154785156,7.737545967102051,3.4329757690429688
Zielona Góra,2023-05-21 12:00:00,186.86720275878906,1.0917582511901855,14.669483184814453,73.50325012207031,3.430408000946045,123.88532257080078,7.791232109069824,3.32110595703125
Zielona Góra,2023-05-21 13:00:00,186.45773315429688,1.148061752319336,14.02100658416748,72.7561264038086,3.623464584350586,134.6728057861328,7.796996116638184,3.22690486907959
Zielona Góra,2023-05-21 14:00:00,186.0006561279297,1.1071906089782715,13.487894058227539,71.0287094116211,3.9779324531555176,120.36756134033203,7.767104148864746,3.1584744453430176
Zielona Góra,2023-05-21 15:00:00,185.5361785888672,1.0019140243530273,13.101065635681152,68.68583679199219,4.475179672241211,94.20191955566406,7.720937728881836,3.1166014671325684
Zielona Góra,2023-05-21 16:00:00,185.10855102539062,0.8714714050292969,12.858951568603516,66.04594421386719,5.0895586013793945,68.6164321899414,7.676475524902344,3.0972275733947754
Zielona Góra,2023-05-21 17:00:00,184.70257568359375,0.7415223121643066,12.747809410095215,63.31132507324219,5.787850379943848,48.573036193847656,7.64632511138916,3.094390869140625
Zielona Góra,2023-05-21 18:00:00,184.32769775390625,0.6239970922470093,12.75120735168457,60.582950592041016,6.528314113616943,34.30988693237305,7.637752532958984,3.102015972137451
Zielona Góra,2023-05-21 19:00:00,183.97865295410156,0.522858738899231,12.853270530700684,57.9013557434082,7.261390686035156,24.556703567504883,7.653769493103027,3.1146321296691895
Zielona Góra,2023-05-21 20:00:00,183.65997314453125,0.43852901458740234,13.038779258728027,55.28404235839844,7.933568000793457,17.978683471679688,7.694058418273926,3.1275525093078613
Zielona Góra,2023-05-21 21:00:00,183.37611389160156,0.3701859712600708,13.29193115234375,52.75031661987305,8.494600296020508,13.557080268859863,7.755805969238281,3.1369805335998535
Zielona Góra,2023-05-21 22:00:00,183.14588928222656,0.316736102104187,13.595030784606934,50.332401275634766,8.906105995178223,10.593236923217773,7.834587097167969,3.1402225494384766
Zielona Góra,2023-05-21 23:00:00,182.97361755371094,0.2771637439727783,13.928265571594238,48.074459075927734,9.147994995117188,8.629182815551758,7.925479888916016,3.1359543800354004
Zielona Góra,2023-05-22 00:00:00,182.8542022705078,0.2506507635116577,14.270651817321777,46.02410125732422,9.219573974609375,7.373639106750488,8.024168014526367,3.124387741088867
Zielona Góra,2023-05-22 01:00:00,182.77310180664062,0.23665213584899902,14.601540565490723,44.222999572753906,9.134946823120117,6.650469779968262,8.127700805664062,3.1071958541870117
Zielona Góra,2023-05-22 02:00:00,182.69683837890625,0.23500382900238037,14.901534080505371,42.702064514160156,8.915664672851562,6.368201732635498,8.23475170135498,3.0871176719665527
Zielona Góra,2023-05-22 03:00:00,182.5968475341797,0.24608516693115234,15.152118682861328,41.48386001586914,8.584273338317871,6.507480621337891,8.34532356262207,3.067347526550293
Zielona Góra,2023-05-22 04:00:00,182.43521118164062,0.2710520029067993,15.333354949951172,40.591670989990234,8.16082763671875,7.1266937255859375,8.460112571716309,3.0508298873901367
Zielona Góra,2023-05-22 05:00:00,182.20281982421875,0.31217241287231445,15.420333862304688,40.062862396240234,7.662635803222656,8.391807556152344,8.579551696777344,3.0396347045898438
Zielona Góra,2023-05-22 06:00:00,181.9097137451172,0.3733034133911133,15.379539489746094,39.961944580078125,7.106301307678223,10.644766807556152,8.702642440795898,3.034482479095459
Zielona Góra,2023-05-22 07:00:00,181.5988006591797,0.46052050590515137,15.16862678527832,40.38468551635742,6.5113067626953125,14.531631469726562,8.82572078704834,3.034420967102051
Zielona Góra,2023-05-22 08:00:00,181.35935974121094,0.5826449394226074,14.746207237243652,41.43545913696289,5.90432596206665,21.183692932128906,8.942008972167969,3.0367655754089355
Zielona Góra,2023-05-22 09:00:00,181.27969360351562,0.7504709959030151,14.098160743713379,43.154056549072266,5.322954177856445,32.25475311279297,9.04375171661377,3.0375585556030273
Zielona Góra,2023-05-22 10:00:00,181.41094970703125,0.9712519645690918,13.271252632141113,45.402069091796875,4.814784049987793,49.06074142456055,9.127243995666504,3.0326766967773438
Zielona Góra,2023-05-22 11:00:00,181.6881866455078,1.2336251735687256,12.374629974365234,47.81787872314453,4.425771713256836,69.87333679199219,9.195555686950684,3.019202709197998
Zielona Góra,2023-05-22 12:00:00,182.0135955810547,1.4869143962860107,11.528932571411133,49.95294952392578,4.182802677154541,87.61839294433594,9.253910064697266,2.9968008995056152
Zielona Góra,2023-05-22 13:00:00,182.3070831298828,1.6460907459259033,10.813422203063965,51.48617935180664,4.087018966674805,94.06607055664062,9.30458927154541,2.968827724456787
Zielona Góra,2023-05-22 14:00:00,182.51124572753906,1.6544201374053955,10.25500202178955,52.32018280029297,4.12079381942749,87.66190338134766,9.348343849182129,2.941392660140991
Zielona Góra,2023-05-22 15:00:00,182.6206512451172,1.5364234447479248,9.846026420593262,52.52958679199219,4.257575988769531,73.66891479492188,9.387530326843262,2.9204659461975098
Zielona Góra,2023-05-22 16:00:00,182.6206512451172,1.3596315383911133,9.564824104309082,52.259464263916016,4.468147277832031,58.156307220458984,9.4260892868042,2.9097366333007812
Zielona Góra,2023-05-22 17:00:00,182.51124572753906,1.1764914989471436,9.388056755065918,51.6534309387207,4.723250389099121,44.545875549316406,9.468076705932617,2.910306692123413
Zielona Góra,2023-05-22 18:00:00,182.297607421875,1.0115165710449219,9.295638084411621,50.8260612487793,4.994361877441406,33.85284423828125,9.516592979431152,2.921349287033081
Zielona Góra,2023-05-22 19:00:00,182.004150390625,0.8719156980514526,9.271502494812012,49.86225891113281,5.254199504852295,25.901002883911133,9.573402404785156,2.9408655166625977
Zielona Góra,2023-05-22 20:00:00,181.6364288330078,0.7575910091400146,9.302734375,48.82651901245117,5.477719306945801,20.14968490600586,9.63882827758789,2.96622633934021
Zielona Góra,2023-05-22 21:00:00,181.2235107421875,0.6662082672119141,9.378222465515137,47.7728385925293,5.643752574920654,16.055747985839844,9.711987495422363,2.994574546813965
Zielona Góra,2023-05-22 22:00:00,180.78004455566406,0.5952062606811523,9.487403869628906,46.751792907714844,5.736833095550537,13.183859825134277,9.791289329528809,3.023172378540039
Zielona Góra,2023-05-22 23:00:00,180.33432006835938,0.5424585342407227,9.619482040405273,45.813995361328125,5.748440742492676,11.217545509338379,9.875080108642578,3.049739360809326
Zielona Góra,2023-05-23 00:00:00,179.89100646972656,0.506438136100769,9.76293659210205,45.01076126098633,5.677123546600342,9.941340446472168,9.962294578552246,3.072732448577881
Zielona Góra,2023-05-23 01:00:00,179.45005798339844,0.4862403869628906,9.90554141998291,44.39350891113281,5.5274224281311035,9.220749855041504,10.052770614624023,3.091496467590332
Zielona Góra,2023-05-23 02:00:00,179.01145935058594,0.4816023111343384,10.034400939941406,44.01350784301758,5.308104038238525,8.988296508789062,10.147273063659668,3.1062111854553223
Zielona Góra,2023-05-23 03:00:00,178.5706787109375,0.4929553270339966,10.136040687561035,43.92268371582031,5.030458450317383,9.238019943237305,10.247047424316406,3.117619514465332
Zielona Góra,2023-05-23 04:00:00,178.1277618408203,0.521515965461731,10.196428298950195,44.174861907958984,4.7073073387146,10.029173851013184,10.353172302246094,3.126603603363037
Zielona Góra,2023-05-23 05:00:00,177.68275451660156,0.569362998008728,10.201460838317871,44.824710845947266,4.352817535400391,11.498666763305664,10.465750694274902,3.1337027549743652
Zielona Góra,2023-05-23 06:00:00,177.27137756347656,0.6393747329711914,10.13851261138916,45.919769287109375,3.983001232147217,13.876944541931152,10.58315658569336,3.1387128829956055
Hel,2023-05-21 07:00:00,203.15553283691406,0.16959011554718018,10.653923034667969,52.02510070800781,5.274965286254883,9.202342987060547,7.030479431152344,1.758897304534912
Hel,2023-05-21 08:00:00,202.18096923828125,0.26248109340667725,11.173248291015625,53.21645736694336,4.554149627685547,13.792145729064941,6.817234516143799,1.808614730834961
Hel,2023-05-21 09:00:00,201.24603271484375,0.3806908130645752,11.33615493774414,54.992183685302734,4.00828218460083,22.677248001098633,6.7620344161987305,1.8231182098388672
Hel,2023-05-21 10:00:00,200.7059783935547,0.5255719423294067,11.100109100341797,57.40863037109375,3.5650858879089355,39.32985305786133,6.77691125869751,1.8205084800720215
Hel,2023-05-21 11:00:00,200.4488067626953,0.6854054927825928,10.58372974395752,60.11418533325195,3.2451062202453613,66.14981079101562,6.814774036407471,1.8122589588165283
Hel,2023-05-21 12:00:00,200.24476623535156,0.8257409334182739,9.980457305908203,62.40500259399414,3.086888313293457,95.80780029296875,6.855267524719238,1.8059732913970947
Hel,2023-05-21 13:00:00,199.95985412597656,0.9024976491928101,9.44045639038086,63.672386169433594,3.108180522918701,109.76236724853516,6.88551664352417,1.805532693862915
Hel,2023-05-21 14:00:00,199.56594848632812,0.8959752321243286,9.029560089111328,63.72694778442383,3.303636074066162,99.68971252441406,6.8986077308654785,1.8121411800384521
Hel,2023-05-21 15:00:00,199.11619567871094,0.8235118389129639,8.754020690917969,62.74619674682617,3.6548824310302734,76.6874771118164,6.897263526916504,1.8254389762878418
Hel,2023-05-21 16:00:00,198.64004516601562,0.7178875207901001,8.595555305480957,61.04011535644531,4.136293888092041,53.87599563598633,6.890054225921631,1.8439738750457764
Hel,2023-05-21 17:00:00,198.13792419433594,0.6052981615066528,8.532304763793945,58.879432678222656,4.715384483337402,36.52375411987305,6.88599967956543,1.8656001091003418
Hel,2023-05-21 18:00:00,197.59896850585938,0.5001438856124878,8.546080589294434,56.448001861572266,5.351109027862549,24.69365692138672,6.892058849334717,1.8878517150878906
Hel,2023-05-21 19:00:00,197.02386474609375,0.40854620933532715,8.62255859375,53.86444854736328,5.99361515045166,16.963499069213867,6.912495136260986,1.9081614017486572
Hel,2023-05-21 20:00:00,196.43006896972656,0.33239173889160156,8.748985290527344,51.21885681152344,6.58822774887085,11.97592830657959,6.948756694793701,1.924027681350708
Hel,2023-05-21 21:00:00,195.85128784179688,0.27173304557800293,8.911535263061523,48.5980339050293,7.084244728088379,8.762662887573242,6.999704837799072,1.9333014488220215
Hel,2023-05-21 22:00:00,195.3092803955078,0.22589576244354248,9.094012260437012,46.09124755859375,7.4452009201049805,6.695573329925537,7.062371253967285,1.9346413612365723
Hel,2023-05-21 23:00:00,194.8418426513672,0.19394302368164062,9.278613090515137,43.780006408691406,7.6550188064575195,5.382501125335693,7.133064270019531,1.927926778793335
Hel,2023-05-22 00:00:00,194.43687438964844,0.17491841316223145,9.448108673095703,41.7233772277832,7.716620445251465,4.585106372833252,7.208534240722656,1.9143812656402588
Hel,2023-05-22 01:00:00,194.07180786132812,0.1680431365966797,9.58801555633545,39.949947357177734,7.644898414611816,4.165894031524658,7.286714553833008,1.8962364196777344
Hel,2023-05-22 02:00:00,193.69740295410156,0.17291653156280518,9.687118530273438,38.461456298828125,7.458916664123535,4.058213233947754,7.366894721984863,1.8760597705841064
Hel,2023-05-22 03:00:00,193.27606201171875,0.18973183631896973,9.73611068725586,37.246604919433594,7.176521301269531,4.254033088684082,7.449367523193359,1.8560585975646973
Hel,2023-05-22 04:00:00,192.76559448242188,0.21952712535858154,9.724879264831543,36.30054473876953,6.812171459197998,4.8090081214904785,7.534685134887695,1.8376734256744385
Hel,2023-05-22 05:00:00,192.17288208007812,0.26451337337493896,9.639912605285645,35.64611053466797,6.377382278442383,5.870885848999023,7.62278938293457,1.8215270042419434
Hel,2023-05-22 06:00:00,191.4943084716797,0.32853221893310547,9.463173866271973,35.353736877441406,5.88307523727417,7.747984886169434,7.71205997467041,1.807645559310913
Hel,2023-05-22 07:00:00,190.8262176513672,0.4176344871520996,9.174099922180176,35.553585052490234,5.3433756828308105,11.048405647277832,7.798552513122559,1.7958331108093262
Hel,2023-05-22 08:00:00,190.25686645507812,0.5404293537139893,8.758153915405273,36.41939926147461,4.780583381652832,16.907758712768555,7.876060485839844,1.7861404418945312
Hel,2023-05-22 09:00:00,189.9087371826172,0.7065566778182983,8.224698066711426,38.08218765258789,4.2302937507629395,27.119831085205078,7.938986778259277,1.779325008392334
Hel,2023-05-22 10:00:00,189.8206329345703,0.918836236000061,7.625391960144043,40.462684631347656,3.7414588928222656,43.211952209472656,7.987984657287598,1.7768480777740479
Hel,2023-05-22 11:00:00,189.92947387695312,1.155155897140503,7.043610572814941,43.1707878112793,3.362401008605957,63.01758575439453,8.030824661254883,1.7797925472259521
Hel,2023-05-22 12:00:00,190.1060028076172,1.353597640991211,6.550209999084473,45.66432189941406,3.119436740875244,78.05763244628906,8.073423385620117,1.787764310836792
Hel,2023-05-22 13:00:00,190.24124145507812,1.4395253658294678,6.174618244171143,47.5336799621582,3.0105748176574707,80.21295928955078,8.114192962646484,1.799717664718628
Hel,2023-05-22 14:00:00,190.29852294921875,1.3918871879577637,5.911421298980713,48.63544464111328,3.01511287689209,70.58379364013672,8.148931503295898,1.8152735233306885
Hel,2023-05-22 15:00:00,190.24124145507812,1.2566111087799072,5.739461898803711,49.034393310546875,3.1046204566955566,56.188106536865234,8.176053047180176,1.834568977355957
Hel,2023-05-22 16:00:00,190.06443786621094,1.092315435409546,5.635985374450684,48.88321304321289,3.2493038177490234,42.510372161865234,8.196770668029785,1.8574833869934082
Hel,2023-05-22 17:00:00,189.75848388671875,0.9346072673797607,5.582571029663086,48.34017562866211,3.420691967010498,31.631114959716797,8.213417053222656,1.8832380771636963
Hel,2023-05-22 18:00:00,189.3350372314453,0.7974785566329956,5.565859794616699,47.538944244384766,3.5926246643066406,23.64446449279785,8.228285789489746,1.9104013442993164
Hel,2023-05-22 19:00:00,188.81631469726562,0.6838775873184204,5.576256275177002,46.587615966796875,3.7420525550842285,17.99005699157715,8.243101119995117,1.937063217163086
Hel,2023-05-22 20:00:00,188.22947692871094,0.5926258563995361,5.6062092781066895,45.577022552490234,3.8501229286193848,14.055289268493652,8.258956909179688,1.9610817432403564
Hel,2023-05-22 21:00:00,187.59104919433594,0.5215034484863281,5.648796081542969,44.58830642700195,3.903416633605957,11.352079391479492,8.276552200317383,1.9804134368896484
Hel,2023-05-22 22:00:00,186.9322967529297,0.468369722366333,5.69688606262207,43.69678497314453,3.894644260406494,9.533478736877441,8.296537399291992,1.9934861660003662
Hel,2023-05-22 23:00:00,186.26864624023438,0.4315006732940674,5.742842674255371,42.97249984741211,3.8224563598632812,8.368291854858398,8.31975269317627,1.99951171875
Hel,2023-05-23 00:00:00,185.6002655029297,0.40966010093688965,5.778709888458252,42.47974395751953,3.6903185844421387,7.713315010070801,8.347269058227539,1.998610258102417
Hel,2023-05-23 01:00:00,184.9420166015625,0.4021092653274536,5.796635150909424,42.277496337890625,3.5049996376037598,7.493830680847168,8.380171775817871,1.9916961193084717
Hel,2023-05-23 02:00:00,184.27427673339844,0.40860867500305176,5.789331912994385,42.42176818847656,3.275242805480957,7.693821907043457,8.419273376464844,1.9801750183105469
Hel,2023-05-23 03:00:00,183.60215759277344,0.42940425872802734,5.750568389892578,42.96857833862305,3.0110416412353516,8.355572700500488,8.464784622192383,1.9656014442443848
Hel,2023-05-23 04:00:00,182.94017028808594,0.4651339054107666,5.676033973693848,43.97414016723633,2.723558187484741,9.587335586547852,8.516087532043457,1.949432611465454
Hel,2023-05-23 05:00:00,182.297607421875,0.5165274143218994,5.564740180969238,45.486473083496094,2.425488233566284,11.573542594909668,8.571645736694336,1.9329605102539062
Hel,2023-05-23 06:00:00,181.7211456298828,0.5836713314056396,5.421225070953369,47.522281646728516,2.131363868713379,14.568819046020508,8.629137992858887,1.9173688888549805
Wrocław,2023-05-21 07:00:00,190.1320037841797,0.281976580619812,13.473135948181152,67.74746704101562,4.913465976715088,8.581378936767578,14.373332023620605,1.559863805770874
Wrocław,2023-05-21 08:00:00,188.17355346679688,0.43182456493377686,13.907305717468262,70.62366485595703,4.16212797164917,13.805548667907715,13.927526473999023,1.6535115242004395
Wrocław,2023-05-21 09:00:00,186.79714965820312,0.6346477270126343,13.953255653381348,74.12477111816406,3.618978500366211,23.82606315612793,13.805497169494629,1.6979055404663086
Wrocław,2023-05-21 10:00:00,186.0353546142578,0.9014061689376831,13.547652244567871,77.86002349853516,3.2045559883117676,42.53001022338867,13.802490234375,1.72324800491333
Wrocław,2023-05-21 11:00:00,185.72857666015625,1.2129004001617432,12.882597923278809,81.00765228271484,2.9381823539733887,71.02603912353516,13.80752182006836,1.7442572116851807
Wrocław,2023-05-21 12:00:00,185.58547973632812,1.4855303764343262,12.192961692810059,82.78067016601562,2.8436355590820312,98.75174713134766,13.760855674743652,1.7658586502075195
Wrocław,2023-05-21 13:00:00,185.4032440185547,1.6029534339904785,11.617485046386719,82.93067932128906,2.9225385189056396,108.1988296508789,13.635793685913086,1.78883957862854
Wrocław,2023-05-21 14:00:00,185.09384155273438,1.533463478088379,11.19771957397461,81.74665832519531,3.1618266105651855,96.15333557128906,13.44296932220459,1.8136074542999268
Wrocław,2023-05-21 15:00:00,184.66842651367188,1.3523757457733154,10.925557136535645,79.72615814208984,3.5437865257263184,74.31670379638672,13.214349746704102,1.8407738208770752
Wrocław,2023-05-21 16:00:00,184.13360595703125,1.14335036277771,10.779560089111328,77.30062103271484,4.049185752868652,53.34545135498047,12.98198413848877,1.870560884475708
Wrocław,2023-05-21 17:00:00,183.52032470703125,0.9493348598480225,10.739890098571777,74.74419403076172,4.6555681228637695,37.20306396484375,12.768773078918457,1.9025087356567383
Wrocław,2023-05-21 18:00:00,182.8494415283203,0.7835817337036133,10.791610717773438,72.1957015991211,5.333722114562988,25.893474578857422,12.587878227233887,1.9356250762939453
Wrocław,2023-05-21 19:00:00,182.1412811279297,0.6468172073364258,10.923832893371582,69.71117401123047,6.044869899749756,18.26572608947754,12.444202423095703,1.9686038494110107
Wrocław,2023-05-21 20:00:00,181.4203338623047,0.5360560417175293,11.127771377563477,67.310546875,6.740837574005127,13.185032844543457,12.33614730834961,2.0000014305114746
Wrocław,2023-05-21 21:00:00,180.7381591796875,0.44788265228271484,11.394574165344238,65.00955200195312,7.368833541870117,9.809015274047852,12.257433891296387,2.02839732170105
Wrocław,2023-05-21 22:00:00,180.12159729003906,0.37939345836639404,11.713323593139648,62.836212158203125,7.88033390045166,7.570097923278809,12.199329376220703,2.052597761154175
Wrocław,2023-05-21 23:00:00,179.5784149169922,0.3283315896987915,12.069942474365234,60.833656311035156,8.240762710571289,6.101249694824219,12.153307914733887,2.0718460083007812
Wrocław,2023-05-22 00:00:00,179.13002014160156,0.2930206060409546,12.447668075561523,59.053497314453125,8.435006141662598,5.171701431274414,12.113424301147461,2.08599591255188
Wrocław,2023-05-22 01:00:00,178.74761962890625,0.27231669425964355,12.828248977661133,57.54632568359375,8.466205596923828,4.643313407897949,12.077596664428711,2.095599412918091
Wrocław,2023-05-22 02:00:00,178.3850860595703,0.2656433582305908,13.193323135375977,56.35560989379883,8.349414825439453,4.444995880126953,12.047471046447754,2.101832151412964
Wrocław,2023-05-22 03:00:00,178.0196533203125,0.2731187343597412,13.524556159973145,55.51849365234375,8.104351997375488,4.56203031539917,12.027061462402344,2.1062636375427246
Wrocław,2023-05-22 04:00:00,177.57522583007812,0.2957819700241089,13.801921844482422,55.07343673706055,7.7503662109375,5.040356159210205,12.020987510681152,2.1104931831359863
Wrocław,2023-05-22 05:00:00,177.03977966308594,0.33594751358032227,14.00009536743164,55.07188034057617,7.304878234863281,6.011115550994873,12.032377243041992,2.115788698196411
Wrocław,2023-05-22 06:00:00,176.40188598632812,0.3977229595184326,14.084209442138672,55.58803939819336,6.784709453582764,7.748761177062988,12.060907363891602,2.122807025909424
Wrocław,2023-05-22 07:00:00,175.71649169921875,0.48765528202056885,14.008657455444336,56.715049743652344,6.209875106811523,10.784929275512695,12.100976943969727,2.131469488143921
Wrocław,2023-05-22 08:00:00,175.07159423828125,0.6150498390197754,13.727262496948242,58.52539825439453,5.609096527099609,16.083049774169922,12.141204833984375,2.1410703659057617
Wrocław,2023-05-22 09:00:00,174.59564208984375,0.7900586128234863,13.223078727722168,60.970829010009766,5.025533199310303,25.11408805847168,12.167938232421875,2.1506597995758057
Wrocław,2023-05-22 10:00:00,174.36300659179688,1.0149002075195312,12.545829772949219,63.7575798034668,4.515932083129883,39.13937759399414,12.172240257263184,2.159463405609131
Wrocław,2023-05-22 11:00:00,174.34580993652344,1.264756441116333,11.807960510253906,66.36050415039062,4.134740829467773,56.75442123413086,12.151775360107422,2.166820526123047
Wrocław,2023-05-22 12:00:00,174.4447784423828,1.4730446338653564,11.125264167785645,68.26847076416016,3.9127721786499023,71.75689697265625,12.104781150817871,2.1722941398620605
Wrocław,2023-05-22 13:00:00,174.55250549316406,1.561328649520874,10.566696166992188,69.23745727539062,3.851810932159424,77.00238037109375,12.02939510345459,2.1766226291656494
Wrocław,2023-05-22 14:00:00,174.59994506835938,1.5085978507995605,10.150860786437988,69.3228988647461,3.934542655944824,71.35490417480469,11.92966365814209,2.181873083114624
Wrocław,2023-05-22 15:00:00,174.54388427734375,1.3631553649902344,9.867234230041504,68.74327087402344,4.135674476623535,59.49223709106445,11.8163423538208,2.1902389526367188
Wrocław,2023-05-22 16:00:00,174.384521484375,1.185981273651123,9.695687294006348,67.73645782470703,4.427802562713623,46.55631637573242,11.702119827270508,2.2029683589935303
Wrocław,2023-05-22 17:00:00,174.11390686035156,1.0143635272979736,9.616654396057129,66.487548828125,4.782927513122559,35.336143493652344,11.597503662109375,2.220134735107422
Wrocław,2023-05-22 18:00:00,173.75453186035156,0.8632434606552124,9.614392280578613,65.11766052246094,5.172077178955078,26.60011100769043,11.509379386901855,2.240908145904541
Wrocław,2023-05-22 19:00:00,173.32029724121094,0.7359474897384644,9.676816940307617,63.69989776611328,5.564974784851074,20.152986526489258,11.440997123718262,2.2639076709747314
Wrocław,2023-05-22 20:00:00,172.85044860839844,0.6313525438308716,9.794394493103027,62.28070831298828,5.9308624267578125,15.521646499633789,11.392497062683105,2.287497043609619
Wrocław,2023-05-22 21:00:00,172.35821533203125,0.5471543073654175,9.958539962768555,60.897308349609375,6.2407379150390625,12.245185852050781,11.36174201965332,2.310032367706299
Wrocław,2023-05-22 22:00:00,171.87738037109375,0.4810929298400879,10.160321235656738,59.58875274658203,6.4705305099487305,9.959150314331055,11.345365524291992,2.3300845623016357
Wrocław,2023-05-22 23:00:00,171.42431640625,0.4313228130340576,10.389545440673828,58.40049743652344,6.603940486907959,8.400665283203125,11.3399019241333,2.3466429710388184
Wrocław,2023-05-23 00:00:00,171.00271606445312,0.3964834213256836,10.634415626525879,57.384033203125,6.633841037750244,7.391672134399414,11.342840194702148,2.3592545986175537
Wrocław,2023-05-23 01:00:00,170.5997772216797,0.375699520111084,10.881619453430176,56.594093322753906,6.561582565307617,6.821430683135986,11.353113174438477,2.3680684566497803
Wrocław,2023-05-23 02:00:00,170.21522521972656,0.36859726905822754,11.116580963134766,56.086063385009766,6.3948655128479,6.634625434875488,11.371094703674316,2.3737576007843018
Wrocław,2023-05-23 03:00:00,169.8041534423828,0.3753560781478882,11.323457717895508,55.91530227661133,6.145193576812744,6.827314853668213,11.398021697998047,2.3773183822631836
Wrocław,2023-05-23 04:00:00,169.35891723632812,0.39679062366485596,11.484841346740723,56.13801956176758,5.826111793518066,7.451918601989746,11.435065269470215,2.3798012733459473
Wrocław,2023-05-23 05:00:00,168.8760986328125,0.43442535400390625,11.58145523071289,56.811065673828125,5.452685356140137,8.633025169372559,11.482211112976074,2.3820202350616455
Wrocław,2023-05-23 06:00:00,168.3723602294922,0.4904567003250122,11.592934608459473,57.984840393066406,5.042239665985107,10.593782424926758,11.537168502807617,2.3843367099761963
